0,0,0,0,0,0,0,0,0,0,0,0,0,0,0,0,0,0,0,0,0,0,0,0,0,0,0,0,0,0,0,0,0,0,0,0,0,0,0,0,0,0,0,0,0,0,0,0,0,0,0,1,0,0,0
0,0,0,0,0,0,0,0,0,0,0,0,0,0,0,0,0,0,0,0,0,0,0,0,0,0,0,0,0,0,0,0,0,0,0,0,0,0,0,0,0,0,0,0,0,0,0,0,0,0,0,1.00382493284407,0,0,0
0,0,0,0,0,0,0,0,0,0,0,0,0,0,0,0,0,0,0,0,0,0,0,0,0,0,0,0,0,0,0,0,0,0,0,0,0,0,0,0,0,0,0,0,0,0,0,0,0,0,0,1.01209464295572,0,0,0
0,0,0,0,0,0,0,0,0,0,0,0,0,0,1,0,0,0,0,0,0,0,0,0,0,0,0,0,0,0,0,0,0,0,0,0,0,0,0,0,0,0,0,0,0,0,0,0,0,0,0,1.02553694133196,0,0,0
0,0,0,0,1,0,0,0,0,0,0,0,0,0,1.02717280554468,0,0,0,0,0,0,0,0,0,0,0,0,0,0,0,0,0,0,0,0,0,0,0,0,0,0,0,0,0,0,0,0,0,0,0,0,1.04501348574084,0,0,0
0,0,1,0,1.00340531377298,0,0,0,0,0,0,0,0,0,1.08027032675138,0,0,0,0,0,0,0,0,0,0,0,0,0,0,0,0,0,0,0,0,0,0,0,0,0,0,0,0,0,0,0,0,0,0,0,0,1.07173192438639,0,0,0
0,0,1.00347107785788,0,1.01032070081353,0,0,0,0,0,0,0,0,0,1.15842004748482,0,0,0,0,0,0,0,0,0,0,0,0,0,0,0,0,0,0,0,0,0,0,0,0,0,0,0,0,0,0,0,0,0,0,0,0,1.10700065951825,0,0,0
0,0,1.01041874853589,0,1.02092605969873,0,0,0,0,0,0,0,0,0,1.26109186854367,0,0,0,0,0,0,0,0,0,0,0,0,0,0,0,0,0,0,0,0,0,0,0,0,0,0,0,0,0,0,0,0,0,0,0,0,1.15237664401869,0,0,0
0,0,1.0209072011124,0,1.03548084811678,0,0,0,0,0,0,0,0,0,1.39059107245406,0,0,0,0,0,0,0,0,0,0,0,0,0,0,0,0,0,0,0,0,0,0,0,0,0,0,0,0,0,0,0,0,0,0,0,0,1.22186750305695,0,0,0
0,0,1.0350594124592,0,1.05445640436686,0,0,0,0,0,0,0,0,0,1.5480493668778,0,0,0,0,0,0,0,0,0,0,0,0,0,0,0,0,0,0,0,0,0,0,0,0,0,0,0,0,0,0,0,0,0,0,0,0,1.32105190738501,0,0,0
0,0,1.05324294045877,0,1.07835797890316,0,0,0,0,0,0,0,0,0,1.73494129208288,0,0,0,0,0,0,0,0,0,0,0,0,0,0,0,0,0,0,0,0,0,0,0,0,0,0,0,0,0,0,0,0,0,0,0,0,1.45635236753909,0,0,0
0,0,1.07578889627652,0,1.10780829112039,0,0,0,0,0,0,0,0,0,1.95390518825678,0,0,0,0,0,0,0,1,0,0,0,0,0,0,0,0,0,0,0,0,0,0,0,0,0,0,0,0,0,0,0,0,0,0,0,0,1.64338453737374,0,0,0
0,0,1.10310464172245,0,1.14334274390092,0,0,0,0,0,0,0,0,0,2.2073781533816,0,0,0,0,0,0,0,1.00382019860273,0,0,0,0,0,0,0,0,0,0,0,0,0,0,0,0,0,0,0,0,0,0,0,0,0,0,0,0,1.89213255824789,0,0,0
0,0,1.13550045341006,0,1.18578225244861,0,0,0,0,0,0,0,0,0,2.49820978894519,0,0,0,0,0,0,0,1.01170746043739,0,0,0,0,0,0,0,0,0,0,0,0,0,0,0,0,0,0,0,0,0,0,0,0,0,0,0,0,2.21427303050066,0,0,0
0,0,1.17349725617037,0,1.23610282285574,0,0,0,0,0,0,0,0,0,2.85814537832568,0,0,0,0,0,0,0,1.0240156275014,0,0,0,0,0,0,0,0,0,0,0,0,0,0,0,0,0,0,0,0,0,0,0,0,0,0,0,0,2.5973454927028,0,0,0
0,0,1.21770811527495,0,1.30645963898291,0,0,0,0,0,0,0,0,0,3.29748726404492,0,0,0,0,0,0,0,1.04121771835058,0,0,0,0,0,0,0,0,0,0,0,0,0,0,0,0,0,0,0,0,0,0,0,0,0,0,0,0,3.05189018294347,0,1,0
0,0,1.26885811319097,0,1.40192304234319,0,0,0,0,0,0,0,0,0,3.82778697013316,0,0,0,0,0,0,0,1.06392681646106,0,0,0,0,0,0,0,0,0,0,0,0,0,0,0,0,0,0,0,0,0,0,0,0,0,0,0,0,3.59029976672159,0,1.00333064661313,0
0,0,1.32777933536528,0,1.52862671562161,0,0,0,0,0,0,0,0,0,4.50453319641162,0,0,0,0,0,0,0,1.09290966012274,0,0,0,0,0,0,0,0,0,0,0,0,0,0,0,0,0,0,0,0,0,0,0,0,0,0,0,0,4.23473249801453,0,1.01016904916144,0
0,0,1.39543152818727,0,1.66983265809744,0,0,0,0,0,0,0,0,0,5.35003400557633,0,0,0,0,0,0,0,1.12911413752927,0,0,0,0,0,0,0,0,0,0,0,0,0,0,0,0,0,0,0,0,0,0,0,0,0,0,0,0,5.00432331126228,0,1.02078151481842,0
0,0,1.474761798452,0,1.82639992158663,0,0,0,0,0,0,0,0,0,6.38925205498828,0,0,0,0,0,0,0,1.17369075140488,0,0,0,0,0,0,0,0,0,0,0,0,0,0,0,0,0,0,0,0,0,0,0,0,0,0,0,0,5.92159544141571,0,1.03553229477909,0
0,0,1.56755140454467,0,1.99908856617023,0,0,0,0,0,0,0,0,0,7.58509531500638,0,0,0,0,0,0,0,1.22804170018608,0,0,0,0,0,0,0,0,0,0,0,0,0,0,0,0,0,0,0,0,0,0,0,0,0,0,0,0,6.93898992470052,0,1.05515186769692,0
0,0,1.67586068923516,0,2.19814374217902,0,0,0,0,0,0,0,0,0,8.95746747935941,0,0,0,0,0,0,0,1.29385659907961,0,0,0,0,0,0,0,0,0,0,0,0,0,0,0,0,0,0,0,0,0,0,0,0,0,0,0,0,8.06111846658981,0,1.08038016096581,0
0,0,1.80278923846223,0,2.42738181744308,0,0,0,0,0,0,0,0,0,10.5287422676114,0,0,0,0,0,0,0,1.37326889147398,0,0,0,0,0,0,0,0,0,0,0,0,0,0,0,0,0,0,0,0,0,0,0,1,0,0,0,0,9.29060852230607,0,1.11213223638225,0
0,0,1.95127876252351,0,2.69118270114986,0,0,0,0,0,0,0,0,0,12.524117953828,0,0,0,0,0,0,0,1.46875713460868,0,0,0,0,0,0,0,0,0,0,0,0,0,0,0,0,0,0,0,0,0,0,0,1.0611155209158,0,0,0,0,10.8536241105113,0,1.15248956644793,0
0,0,2.12473043185454,0,3.01650711905023,0,0,0,0,0,0,0,0,0,15.0018452857827,0,0,0,0,0,0,0,1.58329149398322,0,0,0,0,0,0,0,0,0,0,0,0,0,0,0,0,0,0,0,0,0,0,0,1.18507350872381,0,0,0,0,12.8115177746621,0,1.20323017149883,0
0,0,2.52496378914734,0,3.41645731939459,0,0,0,0,0,0,0,0,0,18.0270721037873,0,0,0,0,0,0,0,1.72019193052888,0,0,0,0,0,0,0,0,0,0,0,0,0,0,0,0,0,0,0,0,0,0,0,1.37482356378874,0,0,0,0,15.2364441417544,0,1.26652466834514,0
0,0,3.16453377393594,0,3.9068053189429,0,0,0,0,0,0,0,0,0,21.2967375965018,0,0,0,0,0,0,0,1.88361288319045,0,0,0,0,0,0,0,0,0,0,0,0,0,0,0,0,0,0,0,0,0,0,0,1.63460273287973,0,0,0,0,17.8570091405613,0,1.3548171891202,0
0,0,4.06299270735013,0,4.48120989402952,0,0,0,0,0,0,0,0,0,24.8268297306766,0,0,0,0,0,0,0,2.07849692958057,0,0,0,0,0,10,0,0,0,0,0,0,0,0,0,0,0,0,0,0,0,0,0,1.97005032141027,0,0,0,0,20.6493144494812,0,1.47485278264614,0
0,0,5.10946406095478,0,5.15400878956243,0,0,0,0,0,0,0,0,0,28.6340795595395,0,0,0,0,0,0,0,2.31082863293518,0,0,0,0,0,10.019097642414,0,0,0,0,0,0,0,0,0,0,0,0,0,0,0,0,0,2.38829691771496,0,0,0,0,23.5684599777114,0,1.63493502117951,0
0,0,6.3265202165131,0,5.94198249131674,0,0,0,0,0,0,0,0,0,33.2142277893222,0,0,0,0,0,0,0,2.58765960947008,0,0,0,0,0,10.05731125481,0,0,0,0,0,0,0,0,0,0,0,0,0,0,0,0,0,2.89812869570509,0,0,0,0,27.3216032830596,0,1.8589245802923,0
0,0,7.74003878411118,0,6.86840405229754,0,0,0,0,0,0,0,0,0,38.6703458519882,0,0,0,0,0,0,0,2.91739516873462,0,0,0,0,0,10.1149284365926,0,0,0,0,0,0,0,0,0,0,0,0,0,0,0,0,0,3.51055417149105,0,0,0,0,32.0592880692627,0,2.16342399584684,0
0,0,9.25502319426576,0,7.95753764092642,0,0,0,0,0,0,0,0,0,45.1177944330971,0,0,0,0,0,0,0,3.31012414237076,0,0,0,0,0,10.1925063746078,0,0,0,0,0,0,0,0,0,0,0,0,0,0,0,0,0,4.23840060962192,0,0,0,0,37.958403100353,0,2.56875539652199,0
0,0,10.8656329582587,0,9.23788765386481,0,0,0,0,0,0,0,0,0,52.460176050928,0,0,0,0,0,0,0,3.77779535953549,0,0,0,0,0,10.2907349324213,0,0,0,0,0,0,0,0,0,0,0,0,0,0,0,0,0,5.09681927203387,0,0,0,0,44.617628365943,0,3.06662314420278,0
0,0,12.5608263382033,0,12.4364463245583,0,0,0,0,0,0,0,0,0,60.8086767559152,0,0,0,0,0,0,0,4.33460447477658,0,0,0,0,0,10.410666879975,0,0,0,0,0,0,0,0,0,0,0,0,0,0,0,0,0,6.16438919014528,0,0,0,0,52.1188377592955,0,3.67700879532054,0
0,0,14.4086379053525,0,17.779235075711,0,0,0,0,0,0,0,0,0,70.2874212384735,0,0,0,0,0,0,0,4.99727463480788,0,0,0,0,0,10.5536442856614,0,0,0,0,0,0,0,0,0,0,0,0,0,0,0,0,0,7.48110172584936,0,0,0,0,60.5483540934793,0,4.42409765571619,0
0,0,16.4158451706239,0,25.5686144198982,0,0,0,0,0,0,0,0,0,80.8535728879606,0,0,0,0,0,0,0,5.78581648101029,0,0,0,0,0,10.7245355084134,0,0,0,0,0,0,0,0,0,0,0,0,0,0,0,0,0,9.09420756874935,1,0,0,0,70.3194441132955,0,5.37596146882762,0
0,0,18.5876556788166,0,33.4216077860701,0,0,0,0,0,0,0,0,0,92.6288436138472,0,0,0,0,0,0,0,6.72404711713421,0,0,0,0,0,10.9262705036473,0,0,0,0,0,0,0,0,0,0,0,0,0,0,0,0,0,11.1070511447875,1.1087709247167,0,0,0,81.6407003558827,0,6.58028048957017,0
0,0,21.2783368638162,0,40.9162290588136,0,0,0,0,0,0,0,0,0,105.748301171855,0,0,0,0,0,0,0,7.84077024143041,0,0,0,0,0,11.1622269569778,0,0,0,0,0,0,0,0,0,0,0,0,0,0,0,0,0,13.5983923808817,1.34134584818904,0,0,0,94.7513138033807,0,8.09488006269563,0
0,0,24.5696592703721,0,47.3884511365079,0,0,0,0,0,0,0,0,0,120.404910922553,0,0,0,0,0,0,0,9.16981634676293,0,0,0,0,0,11.4284008500957,0,0,0,0,0,0,0,0,0,0,1,0,0,0,0,0,0,16.6611418144475,1.71478251347163,0,0,0,110.137343366585,0,9.82684352510205,0
0,0,28.5549143275518,0,55.0197744151771,0,0,0,0,0,0,0,0,0,136.773194129177,0,0,0,0,0,0,0,10.7513822228237,0,0,0,0,0,11.7272006803016,0,0,0,0,0,0,0,0,0,0,1.25578092755786,0,0,0,0,0,0,20.204412351098,2.24859680072956,0,0,0,128.172539549999,0,11.8011647161809,0
0,0,32.9284114914387,0,64.0144761714315,0,0,0,0,2,0,0,0,0,155.046974133649,0,0,0,0,0,0,0,12.6323196723918,0,0,0,0,0,12.0613767438191,0,0,0,0,1,0,0,0,0,0,1.77329893221312,0,0,2,0,0,0,24.3000266156714,2.9031824436164,0,0,0,149.287207165209,0,14.0438637620229,0
0,0,37.7156181391764,0,74.6115738445697,0,0,0,0,2.00332080755341,2,0,0,0,175.529891027001,0,0,0,0,0,0,0,14.8688506099273,0,0,0,0,0,12.4463662206265,0,1,0,0,1.55969862198864,0,0,0,0,0,2.56242305510086,0,0,2.00445431445121,0,0,0,29.0306891905479,3.67547881337086,0,0,0,171.840981439011,0,16.7317618804081,0
0,0,42.9405506119585,0,86.99309140703,0,0,0,0,2.0114626235063,2.025071258066,0,0,0,198.476746797376,0,0,0,0,0,0,0,17.5276657664543,0,0,0,0,0,12.8885889538018,0,1.00367141868128,0,0,2.80074383516615,1,0,0,0,0,3.6370125175978,0,0,2.01424696807564,0,0,0,35.3544850160412,4.56283052386364,0,0,0,195.535363838565,0,19.949921499245,0
0,0,48.3926452835779,0,101.452785996997,0,0,0,0,2.02683766269779,2.08286477251124,0,0,0,224.170248971775,0,0,0,0,0,0,0,20.6898761747365,0,0,0,0,0,13.3953217077456,0,1.0121423264915,1,0,4.89514745061286,1.17808880207579,0,0,0,0,5.00617493218725,0,0,2.03055466123169,0,0,0,43.5832503095679,5.6193781361216,0,0,0,219.872813040104,0,23.7983209385498,0
0,0,54.0030617572046,0,118.330361454948,2,0,0,0,2.05329291236811,2.1846990169755,0,0,0,252.833163307733,0,0,0,0,0,0,3,24.4498312067081,0,0,0,0,0,14.1427855705018,2,1.02705010906248,2.27442365780862,0,8.0811549128389,1.56329829413271,0,0,0,0,6.68816263049936,0,0,2.05492654832395,0,0,1,54.0819244188816,6.86223376534998,0,0,0,251.143872024233,0,28.5216496742253,0
0,0,59.672811754033,0,140.595254393709,5.05941967039595,0,0,0,2.09706949519886,2.34709075848548,0,1,0,284.796433584045,1,0,0,1,0,0,3.35327743583605,28.9190838867344,0,1,0,0,0,15.1632245608439,2.78098717703552,1.05074664778838,4.97235839966882,0,12.6806045556644,2.19554163007467,0,0,0,1,8.70526214593771,2,0,2.08947196845567,2,0,2.44965946430664,66.1333906435108,8.31090048536081,0,0,0,290.45541932922,0,34.2989997284148,0
0,0,66.5573968621304,0,169.385903925169,11.3885795859761,0,0,1,2.16798818048247,2.59398722159956,0,1.04077036179755,0,320.426150569553,3.45175157184583,0,1,1.07810604215585,0,0,4.12175589704395,34.2282232490462,0,1.33745134645491,0,1,0,16.4928767134111,4.3425894800842,1.08770931179,9.29400822007517,0,19.1326468533499,3.12811556764182,0,0,0,2.62521206291758,11.0892541697041,4.62578803675759,0,2.13688470594732,2.18518076110307,0,6.0792180897396,79.9596529545039,11.4816590662092,1,0,1,339.053933084804,0,41.3410741454245,0
0,0,74.8410097878305,0,206.043068495103,21.2194147472569,1,0,1.59261658899548,2.28158841466159,2.95978979763934,0,1.13307953162878,0,359.168103803248,8.32935319576844,3,3.2328844015287,1.2431051377243,0,0,5.39054634019015,40.5321317788823,0,2.01902502880088,0,1.38723455085806,0,17.8923157470608,6.69559948654749,1.14367419066077,15.4997464134461,0,28.0286298425872,4.4396511569888,0,0,0,5.88480353852232,13.872393130872,10.035469789449,0,2.200661684904,2.58307249687173,0,12.7905726948581,95.8129589758419,16.4815950308668,2.63185766679205,0,3.30016264093117,391.612298625325,0,49.6660331907892,0
0,0,84.7296465620002,0,246.825309386286,34.8092819128279,2.43599518978876,0,2.76803148551467,2.46486740774034,3.49387483046917,0,1.29219143817342,0,401.270929131226,15.6370011799856,3.49444542793763,8.99204590812918,1.5068187875744,1,0,7.27359224128841,48.0131091494089,0,3.05517504596326,0,2.21204800412731,0,19.3563765895244,9.86130297273608,1.22687132640702,23.8969493344096,0,43.1195738419342,6.22634819465704,0,0,3,10.8007336877296,17.0913036924778,18.448312829978,0,2.28853562679579,3.2308495904941,0,23.4757865597137,114.609550994086,23.4501329792673,5.89661190371184,0,7.49538211240537,447.884868191067,0,59.4856647285159,0
0,0,95.893536597534,0,291.987087422761,53.7881516751737,5.38509153357285,0,4.52292497780839,2.7594591520338,4.27113871739389,0,1.53911618682894,0,446.999456143977,25.4076838346692,4.48620917920171,19.115085456756,1.8846318928806,3.64471256876506,0,9.90301385880207,56.9252160675564,2,4.46029041875489,0,3.54012323053235,0,20.8775475529214,14.1111414509046,1.3520989688028,34.8875019162162,0,67.4593356868649,8.61129902474696,0,0,5.63084449578826,17.4045340129731,21.1911056619972,30.1502113729381,0,2.40810525688439,4.17732125719192,5,39.0692681837856,136.848405372194,31.8429500440126,10.7554913158109,0,12.7679014391803,507.404798358848,0,71.0384534291404,0
0,0,108.478735709322,1,341.738275455747,78.909777309427,9.95898155666298,1,6.86007191815041,3.2317180077847,5.39589101718933,0,1.90266920328854,0,500.960478655349,37.6427242188799,5.98434871193427,33.7497722818516,2.40145832587363,9.34695446917611,0,13.4601325259396,67.5339589549315,4.68007865727013,6.3535229387354,1,5.45509826993081,0,22.7432736399186,19.5917888435429,1.53837287763541,48.9696442969116,4,105.38317981802,11.7636934888783,1,0,10.8991846822578,25.8148339209192,26.2989862415192,45.4472512208418,0,2.56929938318052,5.47807205699981,5.06928932922106,60.0573453093321,163.104750785163,41.8419930737035,17.1406246095493,0,17.4946538272621,581.259454212385,0,84.3162638039478,1
0,1,122.643235963259,3.45791772773166,436.696600668586,110.936324251422,16.3062826788364,1.57202430697286,9.74245485633443,3.98738208851547,7.01730339121115,0,2.42006920712166,0,564.126136563722,52.4056174855793,8.00411893045484,52.676669557244,3.08507985574766,18.6391205991476,1,18.1755244037282,80.1505787594307,10.7483485271149,8.7955171057653,3.11556852614865,8.03505796754668,0,25.0027926114943,26.4672769658059,1.81281476545754,66.8395557206725,4.25598844526835,162.293522931059,15.8855866824644,1.16053246907679,0,18.8493153341319,36.1044056071143,32.5526973580476,64.7522278058063,0,2.79061505282281,7.20800368897273,5.21795523985011,86.59432921441,194.922381612925,53.6434643391439,25.818976549442,0,24.1656936200137,671.325241292483,0,99.5201855336874,1.13454588161309
6,2.12504868292329,137.877028284361,8.07593255602479,576.997353978876,151.411549445082,24.6240768631067,2.70326882638221,13.1660884198931,5.1944997303591,9.74441057067786,0,3.13804716979499,1,637.571132486072,69.7850922493509,10.5318897983825,75.4704884027748,3.97008178705347,32.1841370706243,1.95240723809934,24.3773675642455,95.326470898199,21.1979850379848,11.8519486739597,7.54558311703237,11.393472631881,4,27.7115401616512,34.271489904371,2.24369623428759,89.2836558085536,4.76533284225682,246.299718511599,21.2260939661209,1.49178471904638,0,29.5618699930409,48.3451089252426,39.755148743549,88.5622557091611,3,3.09170367890976,9.46057193088655,5.45849499748506,118.231307328146,233.257827175038,66.9909052512297,36.7884774477052,0,33.2666892625506,779.589443052452,0,116.858392709361,1.46683169056776
6.85545746926741,4.529200256882,154.183992176518,14.5935383921825,765.096688331438,201.26283100082,35.1477857924779,4.38823772948342,17.131670236029,7.11905207445492,14.1946824203645,0,4.1999656581024,2.04725891876119,728.087652910259,89.9484637842166,13.5811088391753,101.67643290387,5.10119518837616,51.28892272963,4.02933866421061,32.4455670511794,113.551698094519,37.3861094911966,15.7476381372523,14.4618092502751,15.667797997065,4.15115632749146,30.9718006390915,42.9988406478943,2.90468791626176,117.255238976191,5.52886941089621,368.596540655695,28.8472951781717,2.00332209639002,0,43.2195703862644,63.0734971993823,48.010343619974,118.679996004863,3.9360784122631,3.49823317296768,12.4210216138598,5.80629929714715,154.624318404213,279.20434724165,82.0331046363579,49.9721700455724,1,45.394794628378,900.730272363895,0,135.873102668812,2.05472061057001
9.21511299390682,7.99429433331827,171.549036280435,22.7828839936705,952.689125667752,261.440766006013,48.1597303567357,6.62824151494318,22.1348314204807,10.9679177333224,21.2911275881899,3,5.7234816165118,4.70725018456772,837.11163323171,113.047091173766,17.171013542372,133.170654471572,6.53189788197449,77.196359318892,7.38584643823832,42.8462538882892,135.400956304463,61.4970573261785,20.5953166937382,24.0152024339001,21.0687735005366,4.57489377788698,34.8585459528776,52.6402655973122,3.89908314856599,154.218955066637,6.55069408928251,592.930008934144,39.4757969961404,2.7043598612847,0,60.0021149530155,80.4617355775191,57.4299738133163,156.231476001144,5.84048767902767,4.08152094844353,16.2662256118776,6.42816944860723,195.370192975557,333.842845715083,98.92483034477,63.5223116254961,1.10866330976219,61.2723261488784,1035.70458952475,0,156.534393167706,2.95217644281004
14.025271101634,12.2989601076704,192.417764690153,32.7202961939995,1123.87912172428,329.39501795523,66.090601388493,9.48069397817857,28.3032170275618,18.1940355109538,31.4446315657541,8.306862243076,7.84439839143755,9.72030479640367,966.269705812352,139.255732217917,21.2681860173408,169.847375128617,8.32755246225167,111.33883240629,12.1427835110897,56.2391394745935,161.813997464529,96.1815335839018,26.5167173233876,35.8269517122362,27.8110617365954,5.46763458213446,39.4558157285851,68.3048244268372,5.43346548801517,202.539243281159,7.93800651573323,963.056081367762,53.9991515651316,3.69258524059514,0,80.1248471755674,100.665477737743,69.5952905376385,202.524833516146,8.75502209953983,4.90295252829284,21.2119717976401,7.40522428243095,239.79832173557,398.550746589241,120.305888218843,77.2294208552389,1.32756369620018,81.7347604590009,1185.41742781528,0,178.750332461415,4.2645109047453
22.3550639381606,17.6246362500184,217.205912410173,44.3030679910446,1249.29193004648,405.613782901934,90.1172198735273,12.9798459820665,35.7711240448592,31.1917294880272,45.8968067459837,17.726039476705,10.4469745399095,17.8582435431274,1108.30238687475,170.00477679389,25.8859398209811,211.548913074472,10.6246121983641,156.195608191273,17.9926905801936,73.3341569546804,193.656155662223,144.81659670509,33.1324981547322,49.8669479343533,36.1457176143941,7.08687363035447,44.7531217019999,90.8798637449825,7.73280452027448,265.094231948495,9.7435779469692,1537.31860629889,73.9180623018247,5.00364070213065,0,103.96316607552,122.564291812899,84.7216968360187,261.070513350275,12.7310592477591,6.04286198740333,27.9319685290515,8.82844277123919,287.475214319834,474.8821573993,146.317387250354,90.9212987594845,1.65781187885733,107.715342154192,1349.819335506,1,205.487047072408,6.0546807269308
34.9368100143005,23.8444531182406,246.352719049011,57.4365852710572,1413.12725156727,490.615749643311,121.614648473709,17.166731873394,44.0452275354419,52.068750968099,66.3291412762577,30.2622931020127,13.5536929072984,29.8896358957764,1264.41650521271,205.771668065937,31.041544518114,252.394609976528,13.5431813328513,213.852379279108,24.8139754260112,94.9493430994899,231.925758584263,213.706330843496,40.485007460109,66.1145675407184,46.1519398411586,9.77012760655373,50.8412166484917,121.27409622599,11.0887033891824,346.578274301995,12.0258272444207,2362.00511190714,100.609541938034,6.67040004300159,0,131.839639505817,146.050885936886,103.036098602148,334.132343325862,17.7248261759542,7.62867351190444,36.9137653363671,10.5047284710247,338.003886482081,561.179568964011,177.140801326978,106.841637476498,2.09967390634059,140.361984685555,1529.38722623768,1.01517784457028,237.336180987993,8.38129951879769
52.1138724565831,30.8215805078666,276.400507217507,72.1448484648233,1621.08150690804,591.500215432803,170.605856408198,21.9538259060267,53.1545873275842,85.1642334141848,96.4944356718593,45.0900694043833,17.1573114891302,46.1503482816197,1435.92001032945,247.073044130611,38.3453949924603,291.74463715636,17.2286279546489,286.47258617642,32.4604182102044,122.069639839997,280.555067453869,308.997047861818,48.6224578156602,86.4567075103058,58.0723849709393,13.7327733891587,57.8215060664263,152.856797776377,15.809702294211,451.614109213376,15.8409581839361,3521.94692609659,135.609990766729,9.58533022705904,0,164.113694668199,171.002162739609,125.160134136031,424.290041101354,23.7640930581865,9.80590296515538,48.738493479573,12.4521586999548,411.483668473107,658.548898092585,209.981885122646,124.766849861282,2.67306578282827,180.75266080832,1724.40898513088,1.05684808108088,274.896121079967,11.088596154587
73.8251244816098,38.6521683135653,306.998251337401,88.3613173303888,1879.25243804518,709.476515750297,240.8349215949,27.3570276053528,63.1309415285893,136.687817391356,140.278204336384,64.4553765575561,28.4134499392263,66.5900929081302,1625.31611415573,298.012079891831,48.0876075142587,329.05529604297,22.6505952171135,402.93605079223,49.7476930438982,155.706535534207,341.695060707405,437.679427891205,57.1369687994641,111.175481514287,72.1668264955507,19.045966305337,65.4847426991237,185.21866816098,22.2997811449856,585.657292376666,21.4816211135954,5121.69000336499,177.198876964925,13.814557087388,0,200.577471215401,197.861695285316,151.308578144586,540.96278173993,30.8840510447524,12.762081776351,63.918783316455,14.6891461229667,507.171810512229,768.162336387653,244.707316446655,144.465860426907,3.38198978373754,229.920099527065,1944.8521861963,1.14621393284456,316.531524242409,14.1906110606249
110.191940097244,47.1882445818995,337.695758060036,106.02346955703,2174.05105092754,845.756575865175,336.494278238633,33.3958923024815,81.7214495807871,226.966123182385,202.6104127808,88.1622505304347,45.2640152109838,93.4242801109483,1834.32836296184,359.633049789654,60.5776894934341,366.892974133425,30.3064895978677,571.416664886962,77.0170693919728,196.901574239812,417.811381195645,610.689091887215,65.9761693963683,140.524070189804,89.324565254624,26.9847204140766,73.8927875669345,217.865656158572,31.0061917364289,909.358611658366,29.2522236227304,7232.68084596493,225.965662379315,19.4075752686279,0,241.504102520966,226.554176490475,181.697174819093,688.465607189948,39.420536999816,16.6175880269024,83.1557698900597,17.2192559883257,624.130278696569,893.510793601409,281.116141436659,164.695002699315,4.22776938601044,289.606616544277,2191.83502565934,1.32230022122545,362.370777926619,17.7007833859917
162.651742663945,56.2824771074344,378.606535553503,125.136349601171,2509.03917082034,990.118754563467,450.887207679172,40.265760725698,108.879643948435,374.555859358342,294.694321626571,115.887933371669,66.7026165029286,126.584759611971,2064.81778591063,433.034544014143,76.9959781776295,405.080550070378,40.7961934904806,799.405291896302,114.190698402404,257.839524950713,532.75005636495,836.710205458826,75.0767562356802,171.418689489301,110.024840838666,37.6407366748497,83.1121889115045,259.600476585136,42.7588256642304,1461.96218010202,40.4746909281408,9973.46328172262,282.378187305008,24.7167451610662,0,287.179547021579,256.986998045449,214.418141413606,871.543113640563,49.4998983001382,21.6232149115784,107.21028017399,20.0511866823835,769.703193348305,1036.43296158304,324.866866720161,185.339340385072,5.40671210760781,360.834837936741,2466.18527338735,1.66145165990523,412.48920876603,22.0905872740265
231.863650631245,66.299950815144,430.142208861956,145.649372359939,2887.7289340116,1142.30508028384,586.741349379477,48.0323980960948,144.660756064021,601.208376805943,425.75713513588,144.990426580401,87.8807843325389,165.697139937037,2320.36972153486,520.929756088065,97.7399307208556,443.470892137831,53.6692198653538,1141.25946679785,148.130992636275,342.8486551677,694.090232186549,1123.55901346234,92.239299227691,203.702548513712,134.768341473617,50.9074077221497,93.4391178014499,311.240818402873,58.1056270107216,2286.90891366384,55.5636074331774,13468.5024451001,356.005367641773,29.5480839277715,0,339.270153909498,291.260797517748,249.499433539601,1115.41460159788,61.2565930288099,28.0908342146318,136.211311403435,23.1872415153656,941.424580322874,1198.87704238472,375.796896098806,206.293257549656,6.90486259459142,444.424692370197,2741.67134738239,2.29497853070499,468.963289463396,27.4068234176003
304.992136548074,77.0370323669896,492.7319281761,167.515047630185,3321.39850498661,1301.96169070324,746.96531969441,56.7674634167997,180.853668897548,920.803176673841,605.545451536773,175.06452853759,107.113075168218,209.34394556909,2603.37796254918,624.619833810017,123.239625222693,514.996324354156,69.3711219889352,1601.38394131452,177.625717233527,456.242619190277,910.122637005942,1523.41136383186,117.180542552654,237.231099182611,201.873556516807,66.2069095640632,104.998807625216,373.550786641363,77.5350279760331,3299.69045029775,74.9476906654407,17506.9170480516,448.865131809813,33.6821504617111,0,398.370948350402,329.391993705625,286.943249129799,1425.56695860709,75.0436972417165,35.9190819007703,170.74401282221,26.7949757029212,1137.03248378001,1377.63699713143,433.818165822937,231.711700306211,8.70187205222794,543.351351550594,3013.48395959173,3.43798281723783,532.085763305223,33.6881118622205
380.852272679587,88.3029268321423,561.853894679295,193.049583928292,3814.47077804368,1478.20963628801,926.417838318444,66.5121957087051,216.980276574222,1349.52333525767,812.818030785425,205.763025167253,121.63696474401,256.822283026751,2916.40578517634,745.448274225018,148.657359346199,612.167829408011,88.3977835555679,2181.0709737834,201.572182529804,647.334161692214,1230.04261453262,2049.06056476558,149.878863019021,277.903010929878,303.059418259577,83.2351723216898,117.929082400458,452.094332120953,100.317196522936,4527.7836995566,94.7986740480359,22056.9923696625,562.695787026437,39.7060310814662,0,465.098044024751,371.350000607061,326.247827322235,1808.05772146816,91.0514721997176,45.3477576507408,211.331121609958,30.9246963220672,1329.92600416119,1573.52629310927,492.687544399833,260.463563375155,10.6989761356874,658.447057357417,3276.03546520889,5.42009593953663,602.084922249398,40.5752832520153
458.402105652438,98.5227226068577,637.852145391597,222.186776718434,4371.02817784446,1671.86773697559,1126.00561607598,77.3421494714235,252.469149442798,1898.01731620505,1043.70404771204,233.396484357783,142.523702200341,307.416634397476,3266.70565464494,891.923664757453,173.365847825009,729.772733160079,112.900521367548,2884.90141760283,227.189514017869,921.852017376651,1665.51730845007,2708.49001781905,184.208314351002,325.96884177057,435.267369069339,101.665422850972,130.976260637505,547.44286948092,126.497987782347,5998.40504997563,114.757219185024,27046.4909586392,685.80454844593,47.5997324786869,0,621.315076263042,412.447038791976,367.245849501232,2260.4941258048,109.475706448636,56.6372887748231,254.550133677408,35.6283554353492,1519.22740588144,1787.21625791638,551.141586932327,291.682985558429,12.8778091295753,790.266274075973,3582.7367331953,8.64657645124964,685.132491630822,48.0751779941484
547.60245748163,107.715544986723,721.042900698093,254.846326868868,4979.81522511575,1883.69101623201,1346.36882989426,89.3371056056369,294.778392894445,2544.33460153552,1292.04390194655,257.59135286513,167.548427917623,367.161155103362,3657.7108837586,1065.41538444018,196.552752528167,840.24451551582,143.917910993272,3707.31250505796,254.322853763351,1283.80733576259,2228.26260423026,3478.60330943063,220.031934602027,381.650473434666,574.196394131421,119.317345042331,143.888525701858,660.019065463549,156.036521717941,7658.23540661492,134.377889999112,33074.5203699874,817.345630022854,57.3488519894493,0,843.271350151736,452.347535552647,409.725476764277,2789.50580156325,130.889466487444,72.0719156933171,299.674412603331,46.9694642273558,1704.12966518767,2020.31974349916,607.370082930604,320.535673311465,15.2173472220636,946.081832980091,3931.72131785356,13.5114000163811,781.561872930736,56.1906849840898
648.109209720596,115.916769945257,813.889615010122,289.041847860241,5641.76545506082,2110.46494328094,1675.89442355537,102.866798931631,344.248753441809,3280.92419832785,1678.0557131855,278.069583099448,195.321889044144,434.48145035052,4093.0604766939,1267.31884425943,231.573975807284,942.547651040624,182.557771250216,4640.14175749709,282.819693166716,1650.82129069851,2879.68425720156,4355.68194614659,257.154847635595,439.668833450346,715.675718685661,135.986603140246,156.33035738419,775.946228267617,187.437027115172,9512.9697226475,158.259414889807,40174.7084725188,956.320200848405,68.0592531859318,2,1121.17259828999,490.740110829925,457.22832395612,3401.5348899286,155.552302734016,92.7054003683934,345.811056569805,64.2545571934282,1902.55381052163,2273.39066513247,668.882948818677,346.901750450678,17.404045709306,1126.6558957929,4320.75656983137,20.5703869955568,891.555731875106,65.24943802787
759.50968772494,126.467174353745,916.746190160551,324.729063349528,6357.21289611813,2352.43250729854,2117.24092572234,118.06752917164,401.207698893733,4096.9180708582,2204.62921778564,301.223830010746,222.094963512272,507.846655330695,4551.93228352896,1481.20749966068,278.455651572015,1035.56175483767,225.982395710363,5611.14523750891,308.799794200939,2013.47403840219,3626.73234017872,5332.78932653635,294.809737298979,499.966951855606,853.454953053474,151.536576843854,171.973475478933,894.442069927607,220.205547525537,11564.171927534,186.809777662079,48342.2572225183,1113.99974018405,79.763641780971,2.13433923601803,1402.59336192291,531.137348313416,509.765077430475,4078.65756269796,183.721583474232,119.741545102534,413.316990982058,87.4044687937095,2113.73650891932,2546.7681143527,735.728476709248,370.663254877782,19.3649318821462,1332.38767517004,4693.32705428426,30.0494376925853,1005.87913027398,75.2539197325623
876.819951543175,138.617913773604,1029.91338180571,361.867047924273,7156.72227404,2609.73844330856,2672.90547043921,135.08088305445,465.688883140204,5049.30626788549,2868.97978184534,326.638572410379,247.518625038546,577.911550679561,5033.33288854711,1707.0292006765,337.447715703826,1127.90755041286,274.327825964516,6611.80422474175,332.087493964429,2361.5205620454,4475.36289095207,6382.22281416986,332.460331492917,562.490756982123,1005.55027363239,168.727679262147,191.172059535637,1014.64900235908,253.816409436819,14024.6714948624,220.436474940592,57506.548251754,1290.52558890618,92.4941342402596,2.43118686969342,1677.96978926739,573.39453890675,567.302134970385,4823.27796902155,218.176050278094,156.49367165993,502.7076891379,112.898789388002,2336.953238424,2876.59017042318,807.922565319686,393.014413062393,21.0146410826709,1558.28256785234,5042.16532771731,41.9882490199264,1124.02479829655,86.1986403622207
999.692194451118,151.800147344542,1153.4515266138,405.26433765028,8042.02965407883,2879.13516576246,3226.19966098074,154.172972900544,537.981009694201,6124.1147188754,3506.67743753198,353.916781808852,271.28378001114,644.399393731768,5535.6711514012,1944.61815921332,401.561565535002,1219.50484811065,327.621575744216,7633.707166808,352.551845034256,2777.94115095679,5416.5922913617,7492.96222524732,369.406988482154,630.98183322441,1171.77070518424,187.121772701308,214.3143177395,1136.68339641134,290.685995206648,16911.4431435177,259.45247447942,67592.5642540433,1485.85314450507,106.044911361974,2.90011704903766,1932.08847388984,617.357758322348,626.625552208691,5636.97670031232,259.44730342529,204.824889167643,614.009245015365,140.625136502444,2567.55769611871,3266.19313593517,879.515765285653,413.959884526717,22.9053891144107,1803.91795701924,5359.27062875952,56.2403703070563,1245.46638263163,97.8266375078844
1127.80692255382,165.493153095976,1287.54326488941,454.491627515331,9013.93245494677,3160.21698400546,3758.97907940045,175.50976990298,618.343646606445,7305.05520246637,4093.83889236098,378.764762793482,294.444698486685,707.152012848652,6133.34724330832,2205.55439327175,471.12614957457,1310.28670237637,418.040135116291,8678.24375054963,370.560468048612,3261.6173533554,6451.98220937875,8653.54813872994,412.33245741321,705.572492455155,1351.67854075489,206.32941316438,241.472374018706,1259.7284838103,330.689253119699,20232.4776233021,304.235589818113,78499.6464172563,1706.00170613103,120.436499380737,3.53778227045068,2224.21712805004,661.881009538355,687.463943486437,6568.82108675439,308.038767373192,266.636156468397,728.372383669425,170.33433168534,2805.21398388761,3718.51323446911,949.371321838423,433.510968779812,24.9882373518975,2068.74216431551,5723.89156988723,72.5738168292784,1377.55293610502,110.118435035651
1257.43721857102,179.40062754552,1432.31097345417,509.160069113452,10033.1052617392,3452.47630549403,4248.48984662794,199.258761627224,709.678548025647,8479.948306071,4607.00187585897,401.191518715913,316.878970502567,776.943373149201,6829.31290619813,2490.86211694542,546.474728298573,1404.1440773172,546.366192908946,9737.85991865802,386.063356835501,3810.48181488067,7581.6422520713,9972.69942282171,461.843069063231,786.383193143383,1554.86971449082,226.363508513834,273.081974540901,1382.9383316342,373.685013755469,23767.9240234745,355.140130337111,89754.9976110327,1950.56833683514,135.689011627334,4.12457714143715,2555.02554374169,706.814874387384,749.520370535276,7620.04393149205,358.042201438997,347.831128610901,844.552669141186,202.34796330757,3049.60608017668,4241.01922381506,1016.09617854221,455.683552712842,27.2201511202104,2363.06554712792,6130.23878241941,90.7026108982424,1520.04561808896,123.050091050184
1388.27889567101,193.298114005617,1587.90631761901,578.161559725356,11096.0123517749,3772.27505354366,4837.77786997288,277.207000759374,812.023234279535,9633.26090792405,5241.35073547775,421.231846724211,338.491224020025,851.700271871515,7627.12988247668,2801.4472042596,627.791148056285,1500.95597642012,712.998544185275,10805.5213809216,399.030841887102,4381.20423918818,8861.77473042636,11423.6156014606,518.589745057107,953.303676284739,1779.93911930471,246.843411810202,309.611317773959,1512.98662113196,416.487736254774,27495.1887076524,406.394084849248,101229.564243553,2218.96853444496,151.712053524689,4.62164071670214,2924.94111602949,752.018494687976,810.963709927656,8790.54558957537,409.204840688345,450.37776139469,961.319874250778,236.387836389515,3291.46316535498,4835.38442834354,1097.83395905656,479.700200769714,29.3037472362947,2686.17589411983,6572.79171133334,112.923101047898,1672.63962185441,136.627850013246
1520.07032478334,205.938111099473,1754.335599362,658.563677922936,12198.7116666169,4119.37048260839,5525.78827452181,391.151865747105,925.375977713293,10752.0492224712,5982.02363008893,440.494552213258,358.885203638335,929.738908290156,8488.38741135655,3158.90484038051,715.376356365486,1600.61016954807,876.698219660516,11874.4726885569,429.82770457149,4971.00008353185,10291.2483051017,12980.4415508279,578.651689328778,1171.6534920468,2025.22522073523,267.454438253777,348.514869488849,1649.49423993535,458.654042901634,31388.3386538284,457.340729996716,112802.310697549,2458.34815773014,168.517613806802,5.00443606261545,3320.03317743671,860.971157648439,871.155118557701,10038.4072117612,461.250729484349,575.878228314705,1160.62622697248,272.033224749144,3530.52871657157,5502.62586581157,1191.96523403079,504.980626685732,31.2230341696257,3037.2036584829,7008.75636598006,138.859791100887,1826.86901372287,150.820577428576
1677.13480461249,217.40962164512,1931.55039370529,748.305547027662,13376.5299180805,4493.31815538542,6309.90017896348,533.374508430066,1044.56000780103,11866.2287445512,6813.95194914539,458.969615802174,378.03122182622,1008.502689283,9416.36852707271,3562.83383318529,809.519470837366,1702.52368532647,1032.49127036131,12938.9446653892,474.753161293761,5577.22309897545,11866.4340855896,14555.9598434352,642.055931028722,1426.26296307662,2280.05216778049,285.507968126004,389.801739687979,1792.02430437802,499.758885025208,35293.767125942,507.226653276065,124797.345618908,2659.83884192233,186.116758608572,5.49907663578359,3740.12020043539,1009.66651262917,929.408213285498,11360.0185250923,516.940362521261,736.213544737176,1415.56880911979,314.273578965671,3766.56678605592,6184.30324901586,1296.69564947446,528.591339498752,32.9637009031561,3415.10151641875,7436.06137382046,168.05711246325,1982.16726417449,165.594061985965
1856.1303221366,227.799112866583,2115.09469835538,832.806102342221,14626.5606431891,4854.9325343579,7131.88188162034,675.413644374365,1169.50498652989,12968.9711799045,7670.46943534245,476.65482349421,395.920955847381,1087.23776066918,10414.2342212571,4012.74468167872,911.88921046214,1806.6224546585,1174.75971313211,13993.8224592153,531.004230265382,6243.84914200271,13454.5512545415,16138.6159238325,708.797694464866,1654.47356362385,2543.008563304,301.088333284127,433.448972625219,1945.73946182735,543.985061626634,39170.0017260388,560.92748048304,137089.776152586,2813.02280099824,204.865870240395,6.09372008371676,4184.78985360145,1184.7098330653,995.66659830442,12750.7442168987,576.255378429241,930.725838301178,1710.48935280072,363.377001686052,4014.90410694278,6874.31911631687,1408.45376405139,550.549752979871,34.7685725610026,3818.82773361585,7852.83545090574,205.072616988558,2138.00108158147,181.188040762985
2054.31586312666,237.67224934855,2304.66539397129,910.888251718395,15945.3873158929,5199.20657543038,7987.41588238603,813.688207397148,1300.09975123309,14054.8579577085,8545.26167536362,495.67215903607,413.035381980336,1165.34248724206,11464.6568208629,4465.99728850861,1022.96260300016,1912.83819834583,1324.27329878667,15048.7662139555,574.537198298513,6966.4950807274,15038.9736392732,17718.0728042813,783.620943161381,1830.0666880105,2812.68662584852,314.288506305135,486.43260870722,2109.90201967671,591.191464211002,42977.3302608243,618.481017649388,149561.208577851,3058.15638150992,224.786399481231,6.77436447045068,4655.86165966973,1354.17544477587,1068.89868481808,14212.1460713154,639.146018985265,1158.30739817114,1987.55580210049,419.527479365283,4274.73642981134,7565.88054832899,1526.79306497236,570.873966323253,36.6164869891363,4247.31024740085,8278.96734705464,248.342763576682,2311.47337754363,197.549428713755
2259.04618698632,247.044666783929,2499.94207793428,981.070552297483,17322.9765836495,5520.57203282459,8871.79814068506,943.053583995262,1428.83775181265,15121.9127486429,9432.5658607789,515.70853795449,429.353040993201,1241.0251345098,12566.5167523467,4918.4012649105,1143.20897670464,2018.7101095548,1480.09379017517,16098.5420973566,603.403046896231,7740.80474471415,16602.8117304535,19278.1146266883,867.237164383736,1885.18100261782,3078.87801839743,327.164009455335,549.368174044028,2283.69634296343,641.235094216333,46897.1686900296,679.895118252933,161255.475882591,3378.34208053321,245.897405761381,7.33100791016683,5152.57122401784,1517.72526213442,1148.19062967761,15738.4721937194,699.281733775478,1409.06342467045,2239.83134247553,479.702525404597,4545.32756679923,8363.37634224882,1651.29767425929,590.210760845608,38.4888849324549,4695.50029025651,8712.24867199762,296.468810355056,2501.26673234005,214.622996170669
2469.97421932249,255.934987122006,2694.81381496638,1055.42015144381,18755.3763085936,5859.18153618778,9797.12154457421,1079.83167028135,1554.26450772136,16166.9281796908,10269.9982952381,536.48890616646,444.864169541028,1314.21240118331,13717.974639311,5365.12038022437,1278.31387800716,2124.23009863964,1641.20938683378,17138.5774203334,615.005704430137,8491.55214027563,18354.9778096966,20812.0031845032,960.392883656375,1941.6703424554,3339.43486447684,339.653446169797,622.903669931437,2448.32528172872,689.175757284047,50903.7396027276,763.133726405091,172102.400025987,3761.20181317388,267.523344184942,7.76625489651299,5673.91954096551,1675.08115810907,1226.0569713005,17323.2097821992,756.04963339335,1681.74841961873,2458.63436044274,543.7123638398,4810.79301426098,9260.2701640757,1778.50202653958,608.59124967925,40.160461793236,5162.4962107819,9150.63161978037,343.388285787407,2706.13893033713,231.707853064816
2686.77735254539,263.648735806181,2888.11315677369,1133.70386142308,20238.5111203134,6214.24202498301,10758.2482773967,1223.94579142965,1674.73004157484,17187.5985381132,11054.4774996399,555.620295376436,459.052813946232,1384.87405662732,14996.9233939454,5860.82062872428,1429.0454526247,2229.39115559469,1784.07337353223,18141.1395757341,626.250481022167,9214.72866792295,20274.8384292049,22314.2122891375,1056.05718225625,1999.49840998659,3592.30495997569,351.710688346186,699.940649423555,2602.51008931042,734.613968887929,54971.749266198,865.959234788609,182051.010018875,4098.91188285667,289.642127863705,8.08567860139032,6197.5749751232,1819.74952718181,1302.0226474826,18917.1971797581,808.85487852486,1974.71183064288,2675.71353945142,611.305861435536,5070.8377166448,10250.0741083316,1908.20944432704,626.047183097375,41.6215204572798,5647.42747961385,9578.25887030232,388.906122262416,2906.24215758084,248.753883891452
2872.18482946369,270.247580367942,3078.59606161843,1215.7106414631,21726.2983071733,6584.84360683649,11749.7085700519,1375.25796990725,1808.73012335436,18187.4541008265,11783.8714979637,573.184096881772,471.968098018243,1447.07993564277,16406.2003280572,6403.43883887857,1596.12235833821,2339.06082371991,1904.55353742389,19105.1481178759,637.148575366653,9906.61592405735,22341.6060125461,23750.5073158304,1153.62865887394,2058.62609741851,3830.29041210496,362.130689865323,780.187094921944,2745.04649033042,777.144054131859,58917.0511795013,986.555731995976,192090.775034552,4378.67397546982,312.229465308662,8.39717963837697,6719.64418821301,1950.68437564956,1375.6180022776,20506.9999830233,870.842680250404,2269.85065225967,2890.3187959573,683.55227159677,5325.16830195557,11227.9282507202,2040.22757481447,643.508958519062,42.8615134547136,6147.62016183611,9994.33190064015,432.887118358771,3100.76923301967,265.713905189902
3015.54025487949,275.782692284008,3276.76295604134,1299.02053141162,23213.9661135482,6960.53130701704,12772.1915280753,1538.97014810835,1955.43904594249,19165.221551447,12491.6894197614,589.262652073684,483.66357415066,1500.84062413403,17948.162420169,6990.77446904017,1770.04054341071,2453.00593507472,1998.55499299175,20030.0484297414,647.711809209171,10574.9481093159,24384.3300107185,25120.5607768886,1252.35997975316,2271.49117102423,4050.19625562247,371.02163118409,863.243690837993,2888.82408926509,821.834885433424,62718.8722975428,1108.30727703649,202130.469269535,4583.68331575104,334.024843274567,8.69903474036846,7235.99858907077,2066.71110584107,1448.74358791293,22078.741370229,941.981432029075,2563.06157420766,3101.82101293508,760.229623489618,5577.53159687109,12183.6977997844,2177.26345522021,660.902761390083,44.1349768129982,6662.3598319652,10398.2020754141,480.435875000197,3288.93649951622,281.333616705165
3100.23281394783,280.54749831825,3482.40222639184,1383.61418258844,24697.0898406205,7340.28201797094,13819.5539458949,1714.94256451344,2114.02831041936,20120.1654876739,13177.2171005158,604.756064386387,494.9842368999,1546.0589647446,19536.0854671247,7570.72289704928,1950.28987567361,2571.01241844885,2102.91245181916,20926.5947274598,658.208650669762,11217.5907086064,26391.2810863817,26424.8391026916,1362.07878061577,2557.5122939333,4248.55247390997,378.486239740967,966.622682378542,3033.39040781062,868.596571027766,66360.2989158341,1230.53853976947,212090.714806167,4812.7273242081,354.803570122516,8.98991272710965,7761.20730984814,2179.27612803969,1521.17381566829,23616.8137559412,1022.14494364097,2850.13268785299,3300.29817880027,841.068120654939,5827.84791946693,13106.517321576,2318.98642123452,678.165886204876,45.4275024882815,7190.97901463956,10759.192909007,530.394322730379,3488.96843017641,295.302465623059
3294.74676668746,284.592324437336,3695.29042677409,1469.47426180207,26274.2366702431,7723.07228335901,14885.6683925424,1902.93471294924,2261.65762815715,21044.1898818168,13840.1357965119,619.664730696749,505.882078330926,1589.89356954696,21162.3436840945,8137.87612908887,2136.23677161776,2687.53676482118,2216.95294617681,21794.2051134987,668.644988968728,11832.6130828783,28351.8477877123,27653.4534206364,1483.5699579612,2888.57513800411,4452.29656475459,385.965038290939,1090.00143817385,3178.32063448551,917.342435243753,69984.1845296979,1352.55405191547,221261.627280257,5064.66555386486,374.313556125702,9.31481393036686,8293.4646959282,2288.36897646798,1592.70006321715,25106.4996910793,1095.22252274533,3158.18951359755,3484.76363410313,925.169497588274,6076.04216975954,14058.2236201287,2465.08529860587,694.55899545512,46.7269268457391,7748.74108238756,11073.5061978299,581.846681514133,3700.01820629006,307.236350951391
3549.20899154003,287.960781958899,3901.25323970549,1556.54262216912,27936.0543314935,8159.78625927124,15869.0566980957,2082.82580036692,2394.65155526106,21937.9448244665,14514.3684984997,633.992051165433,516.324068996367,1632.37742094883,22817.8203934391,8686.28800352281,2323.94967102589,2802.55615998564,2339.92302003508,22632.6264079678,679.027202385832,12489.614985122,30450.9499680889,28808.7099991557,1617.62142420482,3185.6185240559,4660.46934113256,393.378383038934,1233.25743644359,3321.93473851542,970.525020591991,73574.8861202447,1469.41765109027,229655.894896447,5338.39867772515,396.16683088261,9.66548140788852,8830.96506397337,2394.00125924982,1664.21858785403,26532.7767469727,1160.57514925627,3483.94926330742,3654.30654342241,1012.17901954064,6322.35998370445,15036.1114611277,2608.80093397611,710.115191403911,48.2966420291637,8333.91816927443,11336.7401063072,633.875943402517,3921.29726622359,320.779866195312
3841.5312580689,291.408130049546,4098.48791956475,1644.80629698811,29673.7711159224,8641.95412528481,16758.6128822902,2250.60595731514,2508.41027098052,22802.3492548999,15196.5692392816,645.833999882225,525.979870000964,1673.55526064836,24553.2669589809,9283.64497130834,2511.82061958705,2916.04818314466,2476.41667966642,23410.4932493364,717.860056753752,13185.4180806396,32660.1637824674,29893.2940530421,1760.04764151518,3415.90525757714,4872.18682553475,400.664585444211,1382.45487805234,3463.93524428018,1027.78687483866,77118.5059628741,1579.58613826742,237293.112369323,5605.30930501386,420.297854316142,10.0344899616508,9385.17123838189,2485.32897986081,1735.54145709457,28040.0025024954,1217.63796321579,3824.29918694832,3810.55642833053,1101.73039042489,6566.74782573067,16037.4659046375,2749.0472171504,724.867057197027,49.9957796642785,8944.89711215767,11650.9486004642,685.980123427531,4150.04194755444,335.690074274298
4123.04807977194,294.900360769071,4284.9943169834,1734.25376788391,31347.8918083606,9162.35144114635,17543.3685568581,2401.34703247635,2641.67113986957,23635.7911557313,15883.9009781199,655.282850209171,534.89873990068,1710.87986830594,26367.1414581673,9925.32127096108,2698.01009762717,3027.53703204272,2625.11730259965,24128.8614514442,775.699389964767,13917.1162835992,34954.4589257473,30917.0779956137,1911.04643937393,3486.56948028025,5071.86929269637,406.854799801631,1537.00471507543,3604.05852884129,1088.80695730046,80701.3656533846,1681.3972483122,244527.996031035,5864.87045589915,446.641095817534,10.3585568788427,9954.27818037217,2561.22852263927,1806.49594843036,29612.964552973,1275.01181611264,4162.86416191799,3952.98327282195,1197.44846895371,6809.15521476989,17045.3798271597,2884.47293384371,738.217046184205,51.7476744480932,9550.97185222815,12001.3565626165,737.771437288624,4385.78694252458,351.763197470684
4392.02945200446,298.411483618561,4499.49269468278,1817.34803703762,32950.7726207566,9677.84142716632,18395.8087247353,2559.52702855943,2791.72110757691,24439.6861368626,16585.6239632618,662.423370728373,543.128817803626,1744.56200505801,28257.3131160813,10606.8497951277,2920.24110529954,3136.98276126089,2784.69086542691,24788.8977740521,846.97888353873,14623.3207364369,37195.5584977441,31882.7655356658,2070.7729328401,3702.37880761114,5258.82330067165,412.026664629879,1696.16312177245,3735.13556676199,1152.71697312095,84302.1214214521,1781.49247252851,251366.341186901,6116.5841110541,476.471640343123,10.6416656609156,10536.4427447242,2620.30294711909,1878.78525095525,31237.9174945758,1332.51313705933,4498.12169421331,4081.08621266042,1298.64650694101,7080.84602575489,18057.1796142394,3023.93037043553,750.164151927126,53.2578564610067,10151.6751896149,12377.1436237423,784.063232034462,4628.09807562899,366.158962786941
4646.36076040839,301.685591559226,4738.18297235649,1892.88365351215,34474.7795555067,10187.1938688383,19301.1475482435,2724.73698218501,2956.22878568553,25215.5489008851,17297.8232430252,672.100770728291,550.613926406649,1774.78900417401,30225.871765486,11280.6398760339,3176.30277484887,3244.34285542457,2917.4166124773,25330.6260624142,910.366079864841,15303.0222636923,39378.1698268098,32793.181666883,2244.08884990947,3994.18871269891,5432.39890411432,416.250141335304,1874.54957460263,3856.99213271315,1219.33279349084,87901.3866444654,1879.40751693564,257816.819705657,6429.91045285371,509.519261217024,10.8876806843354,11113.4925465727,2710.69657805253,1952.07217805644,32803.7469479401,1389.96388036354,4828.76844599535,4221.35882016437,1404.65384065314,7377.24937221753,19070.3980359858,3167.15231321264,760.69919299881,54.474416486749,10746.5902592492,12717.9124066401,824.743343348698,4864.66709304592,378.55705064162
4890.51903085437,304.745000832133,4998.04905391135,1959.33458648525,36062.8638700341,10689.2662954055,20246.4532059763,2896.51097573643,3120.31607359876,26033.3450542436,18017.2793161408,683.604025932636,557.406730562706,1804.34783756425,32269.8381944989,11943.6984932708,3464.22542904978,3352.18587807235,3021.49080367528,25738.0746636795,964.794886475239,15955.2603001475,41498.0185735167,33648.0343194811,2431.55875414691,4334.03052824509,5634.02812135632,420.513819347492,2072.14314243678,3969.50902238415,1288.48513866054,91326.1930863456,1974.70094382854,264630.48852856,6795.89911161824,545.547663806803,11.0877329963379,11683.6644986393,2821.48356154014,2026.04756394895,34302.9405606245,1443.57743250054,5165.15863287691,4371.89020568071,1507.66021333036,7694.78517835494,20127.0693802245,3313.88960510855,770.579671444704,55.2894098836262,11316.8311787725,13022.1855963989,859.616803075675,5095.09631270644,388.543589434621
5123.33995996796,307.610065824098,5259.2645413144,2024.16062006619,37708.3312001868,11186.3129499186,21183.7612726482,3069.02338466171,3283.55392803018,26882.7019458239,18749.9094104017,696.387551453174,563.557333382988,1833.27824381276,34385.672160821,12593.0829491723,3760.75302391751,3460.51112403215,3095.13193712212,25986.1749848294,1008.85334421894,16646.8232894159,43578.1221045873,34450.4488962053,2633.69375299226,4643.8576703345,5855.79034990288,424.770416190095,2288.8254835759,4086.42860890696,1359.68875948568,94577.1463716823,2073.04882096151,271613.314266021,7207.42024977685,580.397830852022,11.2472624995144,12245.3421801875,2945.94430719582,2099.52057894983,35728.4074512211,1493.22302789897,5505.47566706383,4531.04749948809,1606.82997816436,8025.44300863685,21222.6737189471,3457.89231021852,779.833646158534,56.2696713999355,11860.4897268423,13288.1816219078,891.999956985881,5318.99358256877,399.627801045238
5343.47623815472,310.615133559028,5521.54811160055,2087.27228163651,39405.0940959198,11677.3710838298,22109.9960824537,3241.68679627812,3445.53099486855,27755.7454139496,19492.0010801379,708.606007922715,569.403548552278,1861.62398234144,36549.3779434998,13263.6444292948,4065.1183464086,3569.31840144723,3259.8638278209,26202.5453750135,1043.01255084735,17374.8211069606,45614.9273128058,35203.5146251376,2871.83143527469,4906.790581378,6092.08343742778,428.98336153979,2507.50527446922,4207.07299567209,1432.83431396947,97656.3113547852,2174.19162717447,278623.760988469,7599.2221479094,613.780018269762,11.3713023425729,12872.8601531841,3061.3926350835,2172.35022426857,37221.5459070479,1538.8086371583,5848.1181963564,4685.59968584605,1701.30776107438,8368.00937562307,22352.9150429133,3598.50898490021,788.48825729633,57.3393814639075,12375.5384016584,13574.4852677319,922.036450109732,5566.61022441415,411.672139259508
5553.31444167362,313.722152008589,5784.63291634802,2148.57613234131,41081.9235124789,12161.5645913997,23022.4625524572,3413.92558067934,3605.7794488822,28555.9871800517,20240.6081943494,720.274021480331,574.947026252677,1886.54290544272,38755.2301123648,13952.4342502667,4376.4700546169,3698.85120655715,3486.87427864195,26388.5711006289,1065.66721027353,18136.6585418098,47605.5878221011,35963.4413441024,3145.92525102635,5091.10418910271,6315.52096355855,432.749158606941,2726.14389367873,4330.81293797715,1507.82019400862,100620.129306824,2277.86803302045,284770.623322377,7969.48211064671,645.368697529366,11.4842029615278,13549.1771281793,3167.59558047288,2244.41049748955,38762.6173373958,1579.99286541435,6188.12987176726,4835.66113530126,1800.33692203517,8721.42936428126,23484.5804877263,3734.98852970942,797.433001883381,58.452556546825,12918.8051710441,13875.1953144689,949.864806244737,5834.1286789153,424.556238817342
5751.87825350668,316.902674915058,6056.90431548833,2231.34972980407,42737.8975792334,12649.8825562211,23842.7662136991,3593.1347657645,3763.92960568535,29280.181495046,20941.2263597235,731.407108672946,580.192596008173,1908.06085176158,40997.1784947827,14656.5307263516,4723.74977099674,3844.6759035373,3757.42722507064,26545.561382038,1074.68173581706,18903.9021514128,49679.6539542328,36724.8658946176,3455.84435733545,5317.88011568317,6525.6660188704,436.109010045301,2942.37391900916,4447.71504186384,1579.28938690895,103468.233331953,2387.79440154632,290076.144773179,8316.22090696292,685.056620161878,11.586811818779,14261.9292720952,3264.25361925795,2315.04975034841,40335.6592743964,1616.7604850158,6524.8105027163,4981.36495327976,1903.187079011,9074.7769750088,24615.9773564249,3877.17012353084,806.57599480481,59.4171734393688,13488.6239873801,14185.6860052047,975.497305888147,6118.55387799472,436.872293935276
5938.05937441127,320.399934112413,6337.88201875366,2329.5780441847,44372.3208149259,13140.7648929602,24567.0568134093,3778.54557601923,3919.63658506692,29923.4485530963,21594.7708538714,742.864111156088,584.713753342715,1926.15660862417,43267.7737927247,15331.2397426902,5103.03463139195,4003.64019394495,3986.73279942135,26789.6462366737,1098.06463946997,19676.4589874665,51805.4083515399,37483.619326803,3778.38992430594,5578.92719669777,6722.04019381146,439.100419097897,3192.64552867326,4557.86771011747,1646.80449068045,106201.146968062,2503.40018979049,294557.073161146,8657.68571744255,730.807081795157,11.6799390095814,14955.6172004579,3360.6115451097,2384.21728864662,41836.7679203218,1649.13157721023,6857.59156732182,5137.20671080034,2009.20481490332,9428.03854442488,25745.5987026814,4024.43666144167,815.840628096683,60.2218054291177,14083.4645629779,14476.1202375996,999.056529450083,6396.74721335947,448.602935591731
6209.02983977787,324.11156405568,6627.11074792506,2439.54814941952,46009.7600803982,13632.7688772098,25191.0301905805,3969.36888062156,4078.1136861587,30598.8142027036,22201.9221831741,754.478803063261,588.52208669347,1946.90551302329,45560.4246873322,15972.8648941289,5510.82561181878,4153.33160195772,4169.42002181388,27096.3476333871,1133.05575425694,20454.2706696294,53958.4864965979,38184.9970998967,4113.12273723212,5868.22413072711,6929.40686244651,441.892297939339,3472.84921287266,4661.38184188842,1709.85800402068,108762.013718442,2624.12824629801,298935.351313685,8993.6605776282,781.306562333654,11.9754385000828,15628.6173550509,3456.58026258735,2451.87474760844,43262.7148456464,1683.21691458835,7181.0311467556,5301.47902505013,2117.77248273678,9781.20292458073,26887.1247230453,4176.26362830899,824.079687746078,60.8464375418656,14679.7609854859,14746.9077110006,1020.65516591222,6668.34842076552,459.731576909054
6524.66792840027,327.968856322567,6934.93801682379,2556.51504005176,47649.4402296932,14103.1080842526,25967.842530216,4148.16541283878,4238.75179299605,31300.9302292889,22882.0396146632,766.118542573551,591.614290075818,1969.78456242697,47868.4077995157,16577.6825330534,5920.34168329576,4292.27674642404,4298.30629133883,27448.2027754628,1177.60744481286,21213.876316515,55976.8629744524,38832.0787702184,4459.50480712603,6129.35146831267,7145.04139874302,444.501079575656,3779.69763940001,4765.7769643981,1783.32718632988,111157.890656885,2773.34914073594,303187.463833085,9323.93946893371,833.509998734515,12.4011685548209,16279.4141219625,3552.08817491039,2517.26366070664,44610.5191703699,1718.83625921172,7495.01063947231,5472.78336790343,2228.37644525951,10134.6778387918,28038.5889983493,4328.61752432242,831.28759380754,61.6516283172947,15277.4415536453,14998.458723841,1041.57884851019,6932.97906734065,472.457489393542
6867.89015850899,331.963860249829,7258.99125567635,2679.53998301375,49290.7401691639,14551.1610156335,26834.1624484155,4313.53661016321,4400.96157629344,32025.6484391054,23613.6993299143,781.458346324858,594.883535447516,1994.39938251948,50185.9587119057,17225.7378469231,6330.07213740069,4418.61210917676,4449.00168067999,27821.8242413046,1212.4035442964,21955.0524552684,57857.316347335,39427.708036044,4872.01403184208,6354.03145289007,7366.85517129154,446.942001912602,4099.05919766517,4870.76851780534,1864.8756563201,113396.143222478,2943.13987553343,307296.10690834,9706.82255773219,887.285556819055,12.9065614964275,16917.9953911315,3633.89416450643,2580.39725718926,45942.5249569483,1755.81053163411,7799.50397436911,5628.50024583344,2340.56359431826,10488.460225486,29198.210843578,4481.43816187292,837.450734353108,62.5359964457984,15876.4450793007,15252.6521290299,1061.8842677925,7216.28697781137,486.477873829672
7199.58337022137,336.051545506488,7597.33351609338,2807.88640210017,50918.4940960509,14976.3907030673,27751.1277123065,4464.07166929449,4557.69552965072,32755.1013317233,24382.4286303629,798.161764892872,598.213954014729,2014.87947003943,52506.398175309,17906.9630852482,6738.51215477189,4557.19368019004,4617.38523603532,28211.2769676586,1235.65077675154,22677.557746175,59596.2365576304,40080.6958766622,5343.67039559464,6530.50252470529,7562.1242993646,449.298848772932,4430.19266776043,4976.09890230087,1952.87510435839,115671.995859743,3128.12419437785,310990.6244859,10134.8777171628,942.503746905709,13.6407274570306,17543.8004146845,3699.97000992069,2641.29823772003,47256.493226895,1790.24031296014,8099.23266221524,5767.59345513059,2440.96154640807,10842.545361934,30280.0697429517,4634.67011372197,844.054181893171,63.4503268540478,16486.680869951,15507.9888025821,1081.62705865124,7515.39226091354,501.556120182576
7517.17191879755,340.202171647121,7919.83198215008,2926.4402074878,52532.7762998502,15424.5002247548,28543.1066824891,4657.009916759,4708.7018843567,33489.2802433873,25110.9275508941,815.214366422763,601.529825846769,2030.69744171077,54823.2048623888,18613.0802093654,7153.06569584134,4706.22755921884,4800.03904910616,28611.949000541,1244.94111921229,23438.7904397106,61387.4535159792,40769.8255183625,5868.76715445749,6783.89465807781,7723.60753711854,451.573696675407,4772.27852070213,5078.97154052321,2036.67497476366,117965.715391569,3303.24263555862,314300.630609778,10602.1414679739,998.848581090688,14.4635678812924,18156.3889632465,3747.36982799487,2703.02068274584,48550.5692142684,1822.17411012921,8394.11940471658,5888.71879914225,2525.27411611864,11203.3994569259,31274.5750963933,4785.32276509726,850.976084051857,64.2486066981332,17107.8226939097,15763.2389068483,1107.11501952836,7828.01719409131,516.03400583027
7817.12935464143,343.939741266221,8222.27898392316,3030.85737628761,54133.7606751189,15889.3577994851,29189.108975705,4878.89026679262,4853.76929165502,34228.2872408495,25799.1724087826,829.893823464026,604.546184072722,2041.06167939136,57211.8005101201,19314.2635174412,7572.58218927498,4864.28825643359,4948.329446614,29000.0862749395,1268.19552578496,24235.9761210265,63205.8080363357,41480.7974291174,6385.07704062265,7088.33805813794,7838.7266032582,453.769276401379,5112.69657822464,5179.40947488451,2115.56752407122,120260.778475065,3467.41365185673,317254.012717868,11037.9649537707,1056.21565991673,15.3058839252803,18767.297964454,3827.39965876503,2765.18972976839,49806.0224675187,1851.67196583656,8684.14864305988,6028.61623850991,2585.82308538843,11570.6316033944,32170.1547818816,4933.04119422204,858.118180673691,64.9142137016165,17739.5595268952,16020.4146465128,1136.02797096475,8124.34707747837,529.897050743682
8095.09706769157,347.183253093556,8498.98011575092,3113.47210286505,55730.0189979568,16365.9927345766,29653.6478874751,5120.82055084584,5012.12588968491,34954.2082736252,26446.6735024555,841.702202350171,607.287426833795,2070.96075295057,59662.7131002093,20009.0240530962,7995.90303108047,5024.83380468668,5058.91477522096,29376.4883490835,1302.80717676056,25066.6396370316,65032.8636577155,42152.4155139738,6887.41180634558,7428.9645645644,8026.00677517466,455.708891956881,5449.48044643943,5277.44554216454,2188.66108073047,122215.751390502,3619.41591023596,320146.132949391,11438.2613528166,1114.50030766313,16.081145264383,19375.629409003,3925.82439027198,2827.49621587615,51023.2760637433,1880.80945418816,8965.18110312832,6183.34801114329,2656.351414536,11943.8826767172,33110.1760718428,5077.43041920461,864.690490682809,65.4134804800954,18400.6933464993,16277.9963235785,1167.07339021788,8401.44258430746,543.129962934983
8344.02896538261,349.784427276648,8797.56541512556,3220.91498053645,57321.7034934091,16815.3123593418,30147.7055923746,5337.9801852178,5179.91347092449,35668.2646600319,27085.9275045348,849.418064635557,609.775983329587,2108.31355641915,62166.5449274204,20695.9952448248,8463.6260460777,5187.76380033585,5127.30124935353,29741.9399988308,1346.83337405258,25879.4003692035,66751.6421875139,42787.1598371829,7369.9199261524,7733.62346750665,8246.38350900182,457.412709300609,5780.55425514435,5376.33633945275,2267.14059549223,123832.521122002,3775.08838511881,322959.129103474,11798.1529879397,1171.96669916015,16.7928600952436,19980.6023588262,4035.45911138311,2885.75882893522,52202.9383560832,1909.53698453708,9237.459739306,6349.98191649318,2734.53631582448,12309.8983425932,34088.815371321,5223.88759442579,870.711378129678,65.8882131427256,19089.1517290445,16534.779478563,1198.07278395152,8655.45257921406,558.174837735195
8552.85653487495,352.83729610754,9114.78597101861,3344.5194745633,58909.0312047689,17236.6790216726,30661.9404194803,5525.40552105154,5354.20090136038,36371.5754610386,27718.0189334004,856.58803737855,612.121676345798,2149.44594505206,64610.4713855622,21355.0987185968,8962.77345115891,5352.98302319745,5290.87720271029,30108.6086820523,1381.36797924788,26673.9538831471,68362.6887661161,43387.31002785,7873.41952094556,7987.71573634221,8484.46551086544,458.89853424378,6112.08346597171,5475.82046185856,2350.25921149785,125110.286314983,3933.81078259902,325680.18686093,12223.2378963398,1228.46460700315,17.444723738561,20585.1996676068,4138.19449522393,2939.85778627588,53340.8538335314,1937.81010467552,9501.25077111161,6510.19739960874,2818.6537026284,12668.1760255417,35101.0249659867,5372.30884892869,876.197888183841,66.3397800203072,19803.0703238324,16770.8462706312,1229.01791182644,8938.52072849233,574.574716803298
8816.91901885846,356.202313921776,9448.0752393116,3479.61061402358,60524.2570165442,17629.4268855498,31188.897995554,5676.13276146746,5515.45344101428,37069.4500324768,28343.9827415944,863.248322925714,614.332351318831,2186.50189299981,66987.0939133374,21985.5854052221,9484.30912500954,5520.4921249438,5507.90489850596,30475.6464400525,1404.59090864799,27449.9633249462,69866.2122570841,43984.951916567,8396.63870100716,8165.95981447239,8706.68453173074,460.455379238874,6443.04782288345,5575.66805909295,2437.41466146333,126367.658136977,4095.028070955,328163.950812197,12701.7416067401,1283.83884505714,18.0033478591859,21188.3609199095,4233.66243469631,2989.63927303805,54438.1016224499,1964.27458988073,9764.02697580457,6664.07269107314,2898.43253978554,13018.1558683763,36135.0147886789,5522.59743319941,881.782939164689,66.769486026869,20504.790533142,16985.8430978693,1259.9128432737,9244.27950862884,592.008783985711
9116.27266818836,359.794408458682,9778.83778865105,3608.49419715225,62165.4838543103,18021.649756579,31719.1331678659,5825.36867357589,5662.67094969181,37762.8163350463,28953.2962449405,869.432951099728,616.415712444797,2217.01019633838,69289.4931458544,22586.8369098933,9992.8797972626,5690.20367127536,5757.10295196909,30842.4252812091,1414.06690304888,28264.687992586,71383.3040543149,44579.4090386437,8938.17308443184,8319.88509927691,8909.753502645,462.06377590705,6772.44601713155,5684.14018341927,2526.17395826934,127602.242292512,4256.49983866893,330429.398411476,13224.8156549257,1341.06666657341,18.4761927467456,21789.1691291168,4321.3548480611,3039.708068562,55495.8609975135,1988.99181121155,10025.5361914415,6811.65826750275,2973.70709672956,13374.0290761116,37188.170113795,5670.55355562364,887.424929265771,67.2059207666735,21193.8877847535,17179.158560309,1291.41024243896,9568.22916487379,606.736723211194
9440.1217435703,363.090901938274,10106.8455349452,3729.34742202782,63831.0496238935,18412.2373020301,32248.828518941,5972.81128924134,5794.64633228645,38452.5293537125,29546.7940992604,874.946265226845,618.300915299867,2234.16985186498,71692.6139320807,23193.8535118233,10486.577751869,5862.03336837252,5976.83259998512,31195.6151645682,1423.40756716645,29115.3219228458,72902.0675865888,45170.314578195,9500.89828691255,8446.30735090214,9088.22287723112,463.708658658689,7100.57889150427,5799.40269564894,2616.44915786047,128812.156574156,4418.00553254615,332494.157139404,13719.667727657,1399.83466574127,18.8695536421712,22387.1130979727,4401.97884416277,3089.85735481687,56548.7601739137,2012.02680235558,10285.605004872,6977.37444625596,3044.29448146725,13735.5001784812,38258.2042446826,5815.95673421444,893.088971877221,67.6443329071014,21869.9206308458,17378.3417723095,1323.37164257655,9888.43604506723,617.339325569947
9762.09802930648,366.02542267689,10431.8730130362,3839.54375690808,65491.8703992796,18800.2266745208,32774.9278328364,6118.18592109854,5935.02183340454,39139.3669870508,30125.1978747386,879.830409580036,620.003106708498,2250.50273052746,74175.0502998702,23803.0769624805,10963.516386545,6038.3788909204,6162.89006787638,31536.1743972834,1432.61475442867,29999.3638683857,74413.7350903173,45759.403199745,10082.8664542219,8541.44352564485,9274.60063053603,465.152447623034,7426.59858321797,5919.9658236208,2708.15923765433,131061.191158356,4579.3480962976,334452.526083153,14182.7425226524,1459.86960513031,19.2035633489829,22981.4637738156,4475.02194931561,3139.91665867907,57594.0559473286,2034.60417051665,10536.8194918952,7156.99491346096,3126.54573591365,14102.2935497446,39326.4410224969,5958.56714765926,898.813469173299,68.0811400126183,22607.7537907681,17581.3187059199,1355.70711018026,10204.7827697173,620.600407598259
10082.149029703,368.48924565339,10774.3013177722,3952.60274643789,67148.4190031682,19172.6782695644,33292.5835631849,6282.64293230801,6080.98995246168,39824.0376947852,30734.8600215122,884.124543266399,621.53599770441,2266.00929563194,76717.9888553342,24411.4845061085,11426.0233109658,6218.87935015008,6308.87775004006,31865.0022690867,1441.69003858205,30894.7791159676,75868.8994354254,46346.401444945,10682.0628137384,8797.57609591821,9467.27942745567,466.404720044269,7749.71303524238,6040.15780912808,2801.52288807092,133690.740809773,4732.80249952463,336308.297847419,14609.7965461814,1518.56348901013,19.4839203759076,23571.6110565881,4539.80012992705,3191.47046030946,58629.5856690095,2056.70258500673,10779.387907139,7347.55814936147,3216.71183595299,14477.6930741162,40392.7780004667,6105.10332691938,904.558604366438,68.4768113847643,23398.1511969149,17786.4931875151,1385.67313230976,10517.1425723745,634.668102106618
10400.2168645776,371.256138580843,11131.5938006021,4068.42784217639,68801.1788841442,19529.9207373322,33800.4489509045,6460.21813364296,6230.41784185441,40507.1776021326,31371.6951185365,888.747702889127,622.879244110169,2280.68114857617,79161.6546622646,24996.651068349,11872.9087543783,6403.21809859272,6477.38713377675,32181.2433107019,1464.09070791225,31801.332995303,77270.2538775242,46931.2660300605,11291.6890179799,9127.51094822704,9665.04985692795,467.47288911555,8078.79257763065,6159.82154035553,2896.4396717461,136460.563688159,4878.03437309686,338065.539559937,15060.7217394079,1575.76254828148,19.7156538459333,24173.3191149735,4618.26264218793,3243.90577453339,59619.5643824815,2078.3044115114,11013.4941667201,7529.30360685228,3312.41920470669,14861.0520549614,41457.1774643499,6255.218093572,910.291732583897,68.8325707895306,24233.7947954514,17974.7620966373,1412.56452352215,10825.6922755994,652.709107222175
10700.3651460604,374.26751490986,11501.7342113624,4186.93019058855,70485.7674128494,19872.3056353056,34297.5058312118,6646.55150063758,6373.17475600583,41179.5090039457,32032.5436930249,893.563649005551,624.041072130848,2295.81320195476,81500.3589959413,25558.7234942146,12303.0779170028,6580.56963191773,6662.65186152977,32485.6798424684,1497.45483106607,32718.7978283683,78620.4511120907,47490.5264124211,11910.0314843016,9498.64144215617,9861.82826890885,469.447900643111,8412.58631917308,6278.82794695242,2992.81852966332,138866.638098264,5014.67146257372,339753.213770725,15533.6542380612,1631.30557943303,19.9486080237021,24782.1474170597,4706.06337577148,3296.77364597079,60565.2779482789,2099.27020439321,11250.411175106,7701.58336492301,3410.90334530189,15251.7918508042,42496.1805979683,6408.60704218945,915.843113575224,69.1493112492393,25041.9169118065,18145.6056231802,1435.02601521125,11130.3097632348,672.735105302736
10977.4101305457,377.481713430691,11872.1615477679,4305.94336526854,72200.1262108335,20209.6168815069,34782.596031857,6830.43128868393,6509.33670225734,41841.2089235272,32752.7908480358,898.470689063734,625.027438653343,2311.42040285962,83728.8399324876,26097.930709663,12744.7494917759,6749.86613466435,6860.50733610867,32779.0324497217,1539.99799086376,33633.2045302471,79909.170172083,48025.0819173251,12535.3683220342,9849.38888029118,10057.7613002396,471.825355095603,8749.91116042765,6394.78538353421,3090.97077099012,140818.575976484,5158.26379109197,341369.964388977,16026.9389128526,1686.02713662174,20.1759592629942,25394.7844571989,4800.4840043708,3346.9066560473,61467.9696995268,2119.59990658329,11489.4634582693,7863.54655395744,3511.48541465409,15635.5256644473,43509.9077256676,6557.2910751053,921.216432055308,69.4866939381805,25819.9388356173,18298.204735813,1459.30270294363,11430.8634673673,691.543144049917
11223.5336360131,380.754714420701,12242.8207000803,4425.46965158071,73942.4413506683,20541.5642249173,35255.2899390697,7011.42715498077,6638.99614845786,42492.3532055427,33517.2910720864,902.723824088646,626.17497030327,2327.51748048801,85969.4510821831,26632.2585546371,13193.2541474464,6909.77264414378,7064.5784617494,33090.8039706997,1573.38665935262,34544.6246170256,81138.8767486953,48535.5820727889,13191.7871867486,10175.6164871283,10252.9938947099,474.401793789564,9078.02059668863,6507.83037939599,3190.77211435433,142102.632184514,5307.35056188551,342915.565583939,16539.4598104057,1739.86997072271,20.3935374180072,25984.3092987933,4890.09420404605,3394.30105404841,62375.3446961795,2139.29580244283,11730.1464331144,8046.22396891773,3613.65326243784,16011.7309550152,44498.468994559,6700.53888782186,926.41549739241,69.8361162014659,26564.9015537605,18465.6598843707,1485.05912316405,11731.4648705148,708.790092621341
11489.935751637,384.086337061597,12613.6608622308,4545.51136139775,75701.324301787,20867.9067506622,35715.3325031686,7189.16824912619,6766.42039356878,43274.884512114,34316.3004996178,906.342758565485,627.398318802442,2343.44640785363,88213.8506260726,27160.0921928231,13644.8845000636,7064.88616048805,7273.52858604256,33417.1013941891,1595.87628729542,35453.1211100425,82311.8986161736,49061.3401583437,13873.2603745061,10471.6306644147,10451.668375651,476.683206859701,9396.21604764082,6618.09806607232,3292.11075165243,143416.511113745,5460.76404431843,344313.004511257,17069.8473321538,1792.78049334422,20.5557232089641,26550.0775676034,4974.61282667039,3438.93682617311,63283.5877652007,2158.13839756008,11968.8351659322,8243.94218605765,3710.48172550483,16379.8298140115,45465.1949916107,6837.45069421257,931.696685866432,70.1916026359144,27364.9999263944,18642.8456994064,1512.05811760583,12032.1277508302,723.902038157369
11773.0890165547,387.476327404953,12981.7760004426,4671.55429567877,77476.2949491169,21186.040116063,36167.3686697167,7360.55925855874,6891.40089444127,44142.0418866593,35100.0628462567,909.341461741306,628.649076149373,2359.21618500504,90454.5955376472,27680.081337174,14082.1508619652,7214.82074693918,7486.31703016117,33755.075320683,1605.16265775645,36375.2122959277,83486.601861523,49599.8208158541,14574.4834360625,10763.9770278451,10653.3578173481,478.600713575264,9703.86799551639,6728.77840009804,3395.29024828342,144746.475398667,5614.78107851491,345573.414910845,17616.8733593421,1847.06467545954,20.6554416868979,27091.241851244,5053.66332951541,3482.47999596739,64189.7879372312,2176.1536897613,12205.7455020877,8453.0681401209,3801.16706181735,16750.7142276121,46410.3243767503,6973.26365003652,937.006358727686,70.5027996232819,28212.1162925279,18826.3126143996,1537.94573416692,12332.8660078999,739.033478462174
12070.3121826976,390.906201197587,13346.994948243,4802.99134264252,79266.9365894234,21496.0804032495,36610.357518005,7525.66575648624,7013.76402949963,45068.6568399451,35867.6018978966,912.46829819964,629.882377872984,2374.83286183723,92650.3977090771,28184.0478717808,14504.7236489235,7359.13952818114,7697.6489851388,34072.7106989932,1614.53134458129,37310.5210818293,84658.0514378003,50149.2547945447,15251.5849308719,11052.5137053794,10857.729702969,480.012705037071,10011.7271032902,6839.6768167397,3500.16110058423,146081.729726897,5769.18474327817,346706.93150252,18161.3293604204,1902.37485112144,20.67239227449,27637.2086304975,5139.99137517628,3524.97384297433,65061.3656061049,2193.36848534716,12441.0916874431,8661.4066854323,3884.53372265798,17124.3140379118,47334.0759088169,7107.93599529415,942.303350618497,70.7657377369535,29099.794092678,19001.5761679416,1562.59432847373,12626.8180618159,754.185713822043
12362.8720711255,394.376875816623,13709.1432017761,4939.32041255496,81034.9343932658,21798.162310456,37043.5615450503,7684.57288412102,7132.44554635634,45972.6658465788,36617.5552790608,915.661276511276,631.088198833147,2392.72721570739,94799.5603724301,28672.1437821677,14912.3605283897,7510.30239438742,7907.64469100635,34368.7415664452,1623.98263111716,38258.68564161,85822.6725218837,50685.4129905525,15902.0541719241,11337.1116714877,11054.0208485053,481.439163517402,10319.0516391656,6950.63356413886,3606.59048997212,147333.453350318,5923.79203448152,347853.927221172,18703.1790484113,1958.42047850633,20.7396839733682,28185.8614989053,5231.74430050725,3566.46153719831,65899.6003115986,2318.48991522168,12669.0535472198,8869.09577239043,3967.937858679,17500.5593248869,48248.1684701364,7241.42597008782,947.011674956901,70.9736079900265,29982.2637255351,19168.9332778509,1585.82624291845,12913.5251706165,769.360324627762
12650.4953323354,397.888952408228,14083.0869777485,5077.45640830675,82780.4253943516,22089.3763853835,37451.5190508169,7843.58669152213,7247.46360307116,46850.3975453172,37366.9050840622,918.87281609981,632.260403707638,2412.72969416304,96900.6850937806,29144.5675195245,15310.6929503232,7667.65547490866,8116.4367543465,34641.3184841692,1633.51673030499,39221.5205429327,86903.5854976436,51209.0492667223,16523.4042140726,11623.7329151209,11241.1271660108,482.880807718274,10625.1640496858,7063.4345121252,3712.54542237017,148506.959743954,6077.24127852308,348995.74200652,19242.3853048791,2012.71556602472,20.829017272585,28735.5815867908,5327.65388326737,3605.34828176132,66705.6980426124,2487.41512410631,12889.4480220087,9076.2625746168,4051.3853753169,17869.7263830975,49153.0546335509,7385.08596588481,951.079622462816,71.1683207040261,30859.4318286458,19328.6527788745,1609.69569098444,13192.4739769133,784.59648939043
12932.8823152364,401.329580332392,14467.382855061,5217.37622702998,84503.4920067434,22370.0899130559,37835.4591986963,8001.65923658283,7358.84829094184,47697.0959062686,38116.0325312642,921.905139631689,633.31686609734,2434.69747437312,98963.2730924728,29602.9306776831,15699.3444226425,7830.63577900297,8307.01448226838,34951.5718753044,1643.15608608188,40198.5552599989,87892.4029922912,51720.7782553798,17158.8440493913,11911.888821108,11417.5012537723,484.338847467282,10917.226324441,7177.64015881905,3818.01153027018,149607.268931314,6229.54013054523,350119.647957316,19836.1440776906,2065.15233199973,20.926665462889,29271.7321457771,5420.61284367208,3641.54923530658,67516.6769757895,2676.23304659895,13101.9787648579,9279.21256448502,4134.88666525065,18231.3247564224,50049.1829289449,7536.8885551253,954.424786691589,71.3506915707329,31731.2038216479,19486.6992451295,1634.18943465995,13477.8912993733,799.893813836454
13222.6303471117,404.691682642196,14860.8360224545,5359.05810800755,86253.5083851064,22640.6697419822,38196.5279839389,8157.95802204647,7467.48565889711,48525.6998098377,38865.2595617915,924.76753434709,634.256518547725,2459.6793997105,100985.435100812,30047.3480115476,16078.0105199917,8007.07290264652,8476.29936122621,35288.7006910184,1652.9007525588,41189.3404260542,88775.4624590294,52261.3873106431,17804.0702616512,12201.1218042879,11598.9682545967,485.815911333622,11194.6459801101,7292.89324450405,3922.97401229994,150749.069505806,6380.70400791176,351148.033812918,20473.2043011983,2115.61711882269,21.0144331667388,29794.6722309295,5510.52892455094,3674.93965163908,68329.7164752866,2829.93257974831,13316.798210058,9477.70695906938,4216.46947311934,18584.8132621839,51013.4979741955,7695.35810124938,958.114421038605,71.5214713046055,32592.1445520514,19643.0877155593,1659.29568762311,13769.3887950685,815.252273546649
13519.1468115428,407.966727867498,15249.9033671278,5507.48400601211,88029.2776376978,22922.0015860267,38540.1761097718,8305.85365242791,7573.3032697412,49334.1899508309,39631.2387688743,927.46886564167,635.074174099337,2487.32388321682,102965.595491122,30477.9761470193,16447.7409161473,8194.21640369969,8619.59940232299,35645.9770167127,1662.75075459865,42173.6781502386,89719.0229004451,52825.4959041368,18455.3005500278,12504.4479864501,11784.993905612,487.313895068238,11456.8334725628,7409.43216597347,4025.87639385391,151915.968531792,6528.45194765966,352087.991410373,21145.4644280295,2166.54280743142,21.0932788412859,30304.7482237886,5597.27356172661,3708.7614414022,69142.7091719844,2933.53133302628,13533.7578949008,9671.44260453344,4296.15468413184,18937.9833472327,52033.8344092719,7850.22392330618,962.012681472381,71.7143680822064,33441.8545766636,19797.8524135339,1683.8090660356,14066.6125539905,829.768229772229
13821.9107728195,411.324530616416,15634.250324797,5661.71992179924,89829.7164568172,23209.8592202178,38867.4090235799,8445.57260551436,7676.25051307951,50120.1741055649,40413.0882763801,929.928311499617,635.810676968596,2517.35084778543,104904.524729066,30889.2465672913,16808.1793630105,8390.07834272899,8745.39337870645,35970.993154324,1720.72810917758,43151.5136028818,90700.0884058975,53409.5279347363,19086.0182097939,12818.3599350259,11975.1475874306,488.835046148865,11711.4012703196,7526.92011732669,4126.495504118,153095.802417918,6672.87123168542,352945.963239565,21772.4176616742,2217.73303197295,21.1640732742589,30808.8917236757,5676.43719339969,3742.87887665766,69925.5191914226,2946.54115766437,13752.7501741181,9877.19872468174,4373.95596451141,19290.8335650555,53100.8878640222,8001.05522542337,966.027083880336,71.9225000510108,34279.9143999122,19949.3993031572,1707.67693490985,14353.0508552018,843.329132397299
14127.9903341784,414.761067277591,16013.5134948411,5821.04444789694,91627.8521971248,23501.1765984988,39179.1786518154,8577.34667073382,7772.80186612972,50898.186935913,41210.0198941023,932.162637727521,636.467750525188,2546.05124226799,106800.984257293,31281.7776263346,17159.0471619413,8576.14141977323,8851.23875661147,36251.1324343034,1801.79187748163,44122.7865761278,91704.1603641217,53980.936635322,19695.5480452072,13140.1382869233,12164.6188679053,490.395528422863,11958.3244696547,7645.08807126491,4224.57125356625,154217.816565081,6814.0481725031,353792.294671242,22340.193222363,2269.01847181333,21.2294464673344,31307.3718093113,5745.94383179879,3777.18330370776,70678.7844306931,3008.14639894563,13960.5985237536,10092.6138963941,4456.98391481565,19643.3611406738,54148.3291705798,8147.34295528294,969.991340127388,72.1410126462958,35139.00294242,20097.9473950065,1730.83387849645,14627.4643909339,855.788756423789
14437.2464363622,418.272476677882,16393.1415208531,5977.99495903409,93424.0708335063,23776.6549021974,39472.3289858321,8705.11015190537,7863.06050232216,51667.7678984141,41936.2833270542,934.187471912349,637.045859670426,2573.19847008702,108654.020680117,31656.1912185482,17497.2254756385,8749.8905336281,8933.77113430358,36462.3914391128,1896.41135613387,45128.5351445536,92651.1179059083,54538.7048499538,20283.3584346259,13445.2864626106,12353.5141252867,491.996764326265,12197.612553861,7762.94939067673,4325.12798483924,155285.945499904,6955.74451050637,354621.296033343,22827.4134748984,2317.91924971393,21.2895695009164,31800.4653281012,5802.48186226659,3811.57966275998,71402.9854550303,3097.2468973749,14155.0194924979,10316.0038139642,4544.00719128932,20001.4534745613,55176.1237019398,8295.39330032002,973.891938039816,72.3831341468379,36017.6875741637,20243.7070486177,1756.04327649332,14888.3799855614,870.872018983509
14749.5448759872,422.025478523495,16773.1177441192,6132.15374708202,95218.7279850869,24036.3568834819,39747.6664159865,8828.84486479707,7947.11532303857,52428.4088128504,42544.2465446206,936.167334456339,637.637113308131,2598.52178911788,110396.961459998,32012.8718991699,17822.8931932564,8907.69156991598,9036.96742530063,36732.761265621,1977.57112129369,46166.1101272769,93536.673526217,55081.2660337531,20867.1885833931,13731.9554317637,12541.9310274114,493.640702548823,12441.6001763886,7880.46426398811,4427.9157293563,156303.854228973,7097.8505716119,355429.158386094,23362.3679500668,2364.2304924008,21.3446727105934,32284.066934402,5875.93624848221,3846.00087736258,72115.0986603563,3202.42811267305,14332.5828550831,10531.1482787767,4634.16661490015,20364.8498834943,56184.1673288827,8445.12769284306,977.718376416943,72.6385120726737,36914.6762261503,20380.6195813401,1782.97941373797,15165.0892514533,887.614577415644
15050.4901309375,425.973873401934,17153.4268385649,6283.01905586707,97043.4730989888,24280.2659806554,40005.9276685895,8948.55357246129,8023.60218979098,53185.9707940896,42918.8146913971,938.094607957422,638.234498571269,2624.38010867488,112028.853130645,32352.4388568518,18136.2609546506,9057.31239660891,9156.9529584602,37043.4608003159,2035.8890855273,47233.1560631166,94354.1083307731,55635.2075258408,21445.4610009052,13997.7827702843,12737.4451146856,495.29640895102,12688.6761068729,7997.60923578019,4532.72071175401,157349.493304395,7240.2777544632,356189.446681264,23937.0968978449,2407.69936673933,21.3950345332328,32758.5644710086,5960.16498705622,3880.39422280697,72816.0077103027,3283.26277872066,14525.0558067731,10735.9485620604,4724.74567315758,20733.3098670329,57170.0027077079,8596.47247827303,981.156256233854,72.9010419364026,37808.5705290204,20508.2077719252,1811.39735816059,15455.5474037632,905.492646975107
15338.1886169558,430.083910194258,17533.2591933214,6433.40546269604,98896.7930303035,24522.7991871331,40261.9210093274,9063.19903067216,8092.28125022132,53940.2793502157,43365.0610916219,939.96358704463,638.833006180205,2650.76631661871,113548.43964413,32675.5046668544,18433.2802612993,9197.59870281578,9290.84956830113,37383.7850497537,2046.92962004305,48354.1602885456,95202.4778369576,56200.8389771475,22016.7886504806,14286.9386239177,12939.0391841175,496.968485549388,12937.5012401207,8106.51637813776,4636.6379916841,158411.016067609,7386.20460516308,356905.820699978,24545.4755476182,2450.79712499674,21.440941137015,33224.3323754355,6051.84343748961,3913.60802910189,73506.5702598909,3333.975125623,14729.112701561,10927.3660909738,4815.74252524446,21086.7752631588,58133.1547523731,8749.80643924963,984.17284681483,73.1437780189387,38699.3400734951,20625.7811469788,1839.09396667104,15758.0824094822,922.319814427391
15610.2366878366,434.047849619255,17912.5972132875,6583.2597655813,100777.308034964,24763.4282050695,40515.2137824554,9172.95548676336,8152.78904364857,54691.1475676213,43871.2511827031,941.571453445066,639.390531481726,2677.6713288728,115081.740334002,32992.3496200403,18714.1303375129,9327.13578627195,9469.31192693166,37711.6112450108,2057.43378184556,49522.0656426615,96073.0630024676,56778.503588452,22570.0749457959,14591.3441030876,13145.9323164658,498.66154199707,13172.0038423794,8206.07635614173,4739.62832827722,159479.905331882,7534.90376841778,357581.655241808,25137.3285709112,2493.47405137469,21.4826890940779,33683.7893019313,6135.3731465669,3945.67416884708,74193.687638657,3343.70633731064,14942.470221797,11121.7208953831,4907.15844537766,21423.0314615014,59073.0371041841,8905.02346026953,986.71493057876,73.3652400151088,39586.9507371511,20751.212128659,1865.94725937441,16050.8505107294,937.763425557734
15901.6301583944,437.826690838196,18291.4241647844,6732.52541482118,102615.626749546,25001.7333308556,40765.4967728982,9277.99756891571,8215.23264530885,55458.7443918728,44428.4367557392,942.923676984985,639.909288613935,2701.93475486426,116618.473378949,33302.5177021005,18978.9909892453,9491.6101468469,9673.16092494882,38025.0552875128,2067.39728111837,50731.1097946841,96959.775059957,57369.2851308843,23105.2983783918,14905.7539131073,13353.1010825648,500.215279234995,13391.8425785217,8294.65600900191,4841.64908441586,160493.3209791,7685.81281941784,358224.420955131,25711.2648609393,2535.68513257281,21.5192123605283,34137.3083115421,6207.23939868775,3976.62061297778,74877.6396546701,3353.92026604057,15152.7226865807,11318.9286513925,4998.50988909969,21739.3316341274,60083.4992741731,9062.02545517842,989.560784409522,73.5629491252276,40507.0523188445,20882.5664040862,1891.80930100386,16332.7976073227,951.275439400062
16208.7373802066,441.366152714415,18671.2604972732,6879.70001647966,104408.542364914,25228.7941329733,41015.9150242445,9373.56218096162,8278.74370417208,56242.133778433,45000.607924202,944.022652851595,640.391184474902,2723.00108852625,118150.443098452,33605.6693162467,19240.0510982933,9677.94067436883,9893.33331428179,38321.570675639,2076.81574232577,51896.4333959853,97811.0686999703,57973.4855235413,23622.5061215758,15202.502918374,13560.6115177065,501.59125368708,13596.6085396872,8386.3098684051,4946.47177775798,161453.962847671,7826.12838334799,358836.422632746,26265.7078405614,2578.13935638015,21.5511187258831,34585.2523305991,6260.77392150121,4007.5612247612,75558.7459600444,3364.53886535171,15359.7895229845,11518.9072275111,5089.83744525769,22093.4688971056,61151.3322605189,9220.53772340314,992.566804333376,73.7757963893699,41455.9915680509,21018.4632928818,1918.15733247486,16602.6857473406,966.067512391732
