Date,Alabama,Alaska,Arizona,Arkansas,California,Colorado,Connecticut,Delaware,District of Columbia,Florida,Georgia,Guam,Hawaii,Idaho,Illinois,Indiana,Iowa,Kansas,Kentucky,Louisiana,Maine,Maryland,Massachusetts,Michigan,Minnesota,Mississippi,Missouri,Montana,Nebraska,Nevada,New Hampshire,New Jersey,New Mexico,New York,North Carolina,North Dakota,Northern Mariana Islands,Ohio,Oklahoma,Oregon,Pennsylvania,Puerto Rico,Rhode Island,South Carolina,South Dakota,Tennessee,Texas,Utah,Vermont,Virgin Islands,Virginia,Washington,West Virginia,Wisconsin,Wyoming
01/21/2020,0,0,0,0,0,0,0,0,0,0,0,0,0,0,0,0,0,0,0,0,0,0,0,0,0,0,0,0,0,0,0,0,0,0,0,0,0,0,0,0,0,0,0,0,0,0,0,0,0,0,0,0,0,0,0
01/22/2020,0,0,0,0,0,0,0,0,0,0,0,0,0,0,0,0,0,0,0,0,0,0,1,0,0,0,0,0,0,0,0,0,0,0,0,0,0,0,0,0,0,0,0,0,0,0,0,0,0,0,0,0,0,0,0
01/23/2020,0,0,0,0,0,0,0,0,0,0,0,0,0,0,0,0,0,0,0,0,0,0,1,0,0,0,0,0,0,0,0,0,0,0,0,0,0,0,0,0,0,0,0,0,0,0,0,0,0,0,0,0,0,0,0
01/24/2020,0,0,0,0,0,0,0,0,0,0,0,0,0,0,0,0,0,0,0,0,0,0,0,0,0,0,0,0,0,0,0,0,0,0,0,0,0,0,0,0,0,0,0,0,0,0,0,0,0,0,0,0,0,0,0
01/25/2020,0,0,0,0,0,0,0,0,0,0,0,0,0,0,0,0,0,0,0,0,0,0,0,0,0,0,0,0,0,0,0,0,0,0,0,0,0,0,0,0,0,0,0,0,0,0,0,0,0,0,0,0,0,0,0
01/26/2020,0,0,0,0,0,0,0,0,0,0,0,0,0,0,0,0,0,0,0,0,0,0,0,0,0,0,0,0,0,0,0,0,0,0,0,0,0,0,0,0,0,0,0,0,0,0,0,0,0,0,0,0,0,0,0
01/27/2020,0,0,0,0,0,0,0,0,0,0,0,0,0,0,0,0,0,0,0,0,0,0,1,0,0,0,0,0,0,0,0,0,0,0,0,0,0,0,0,0,0,0,0,0,0,0,0,0,0,0,0,0,0,0,0
01/28/2020,0,0,0,0,0,0,0,0,0,0,0,0,0,0,0,0,0,0,0,0,0,0,0,0,0,0,0,0,0,0,0,0,0,0,0,0,0,0,0,0,0,0,0,0,0,0,0,0,0,0,0,0,0,0,0
01/29/2020,0,0,0,0,0,0,0,0,0,0,0,0,0,0,0,0,0,0,0,0,0,0,1,0,0,0,0,0,0,0,0,0,0,0,0,0,0,0,0,0,0,0,0,0,0,0,0,0,0,0,0,0,0,0,0
01/30/2020,0,0,0,0,0,0,0,0,0,0,0,0,0,0,0,0,0,0,0,0,0,0,0,0,0,0,0,0,0,0,0,0,0,0,0,0,0,0,0,0,0,0,0,0,0,0,0,0,0,0,0,0,0,0,0
01/31/2020,0,0,0,0,0,0,0,0,0,0,0,0,0,0,0,0,0,0,0,0,0,0,0,0,0,0,0,0,0,0,0,0,0,0,0,0,0,0,0,0,0,0,0,0,0,0,0,0,0,0,0,0,0,0,0
02/01/2020,0,0,0,0,0,0,0,0,0,0,0,0,0,0,0,0,0,0,0,0,0,0,0,0,0,0,0,0,0,0,0,0,0,0,0,0,0,0,0,0,0,0,0,0,0,0,0,0,0,0,0,0,0,0,0
02/02/2020,0,0,0,0,0,0,0,0,0,0,0,0,0,0,0,0,0,0,0,0,0,0,0,0,0,0,0,0,0,0,0,0,0,0,0,0,0,0,0,0,0,0,0,0,0,0,0,0,0,0,0,0,0,0,0
02/03/2020,0,0,0,0,0,0,0,0,0,0,0,0,0,0,0,0,0,0,0,0,0,0,3,0,0,0,0,0,0,0,0,0,0,0,0,0,0,0,0,0,0,0,0,0,0,0,0,0,0,0,0,0,0,0,0
02/04/2020,0,0,0,0,0,0,0,0,0,0,0,0,0,0,0,0,0,0,0,0,0,0,2,0,0,0,0,0,0,0,0,0,0,0,0,0,0,0,0,0,0,0,0,0,0,0,0,0,0,0,0,0,0,0,0
02/05/2020,0,0,0,0,0,0,0,0,0,0,0,0,0,0,0,0,0,0,0,0,0,0,0,0,0,0,0,0,0,0,0,0,0,0,0,0,0,0,0,0,0,0,0,0,0,0,0,0,0,0,0,0,0,0,0
02/06/2020,0,0,0,0,0,0,0,0,0,0,0,0,0,0,0,0,0,0,0,0,0,0,1,0,0,0,0,0,0,0,0,0,0,0,0,0,0,0,0,0,0,0,0,0,0,0,0,0,0,0,0,0,0,0,0
02/07/2020,0,0,0,0,0,0,0,0,0,0,0,0,0,0,0,0,0,0,0,0,0,0,0,0,0,0,0,0,0,0,0,0,0,0,0,0,0,0,0,0,0,0,0,0,0,0,0,0,0,0,0,0,0,0,0
02/08/2020,0,0,0,0,0,0,0,0,0,0,0,0,0,0,0,0,0,0,0,0,0,0,1,0,0,0,0,0,0,0,0,0,0,0,0,0,0,0,0,0,0,0,0,0,0,0,0,0,0,0,0,0,0,0,0
02/09/2020,0,0,0,0,0,0,0,0,0,0,0,0,0,0,0,0,0,0,0,0,0,0,0,0,0,0,0,0,0,0,0,0,0,0,0,0,0,0,0,0,0,0,0,0,0,0,0,0,0,0,0,0,0,0,0
02/10/2020,0,0,0,0,0,0,0,0,0,0,0,0,0,0,0,0,0,0,0,0,0,0,1,0,0,0,0,0,0,0,0,0,0,0,0,0,0,0,0,0,0,0,0,0,0,0,0,0,0,0,0,0,0,0,0
02/11/2020,0,0,0,0,0,0,0,0,0,0,0,0,0,0,0,0,0,0,0,0,0,0,0,0,0,0,0,0,0,0,0,0,0,0,0,0,0,0,0,0,0,0,0,0,0,0,0,0,0,0,0,0,0,0,0
02/12/2020,0,0,0,0,0,0,0,0,0,0,0,0,0,0,0,0,0,0,0,0,0,0,1,0,0,0,0,0,0,0,0,0,0,0,0,0,0,0,0,0,0,0,0,0,0,0,0,0,0,0,0,0,0,0,0
02/13/2020,0,0,0,0,0,0,0,0,0,0,0,0,0,0,0,0,0,0,0,0,0,0,0,0,0,0,0,0,0,0,0,0,0,0,0,0,0,0,0,0,0,0,0,0,0,0,0,0,0,0,0,0,0,0,0
02/14/2020,0,0,0,0,0,0,0,0,0,0,0,0,0,0,0,0,0,0,0,0,0,0,0,0,0,0,0,0,0,0,0,0,0,0,0,0,0,0,0,0,0,0,0,0,0,0,0,0,0,0,0,0,0,0,0
02/15/2020,0,0,0,0,0,0,0,0,0,0,0,0,0,0,0,0,0,0,0,0,0,0,0,0,0,0,0,0,0,0,0,0,0,0,0,0,0,0,0,0,0,0,0,0,0,0,0,0,0,0,0,0,0,0,0
02/16/2020,0,0,0,0,0,0,0,0,0,0,0,0,0,0,0,0,0,0,0,0,0,0,0,0,0,0,0,0,0,0,0,0,0,0,0,0,0,0,0,0,0,0,0,0,0,0,0,0,0,0,0,0,0,0,0
02/17/2020,0,0,0,0,0,0,0,0,0,0,0,0,0,0,0,0,0,0,0,0,0,0,0,0,0,0,0,0,0,0,0,0,0,0,0,0,0,0,0,0,0,0,0,0,0,0,0,0,0,0,0,0,0,0,0
02/18/2020,0,0,0,0,0,0,0,0,0,0,0,0,0,0,0,0,0,0,0,0,0,0,0,0,0,0,0,0,0,0,0,0,0,0,0,0,0,0,0,0,0,0,0,0,0,0,0,0,0,0,0,0,0,0,0
02/19/2020,0,0,0,0,0,0,0,0,0,0,0,0,0,0,0,0,0,0,0,0,0,0,0,0,0,0,0,0,0,0,0,0,0,0,0,0,0,0,0,0,0,0,0,0,0,0,0,0,0,0,0,0,0,0,0
02/20/2020,0,0,0,0,0,0,0,0,0,0,0,0,0,0,0,0,0,0,0,0,0,0,1,0,0,0,0,0,0,0,0,0,0,0,0,0,0,0,0,0,0,0,0,0,0,0,0,0,0,0,0,0,0,0,0
02/21/2020,0,0,0,0,0,0,0,0,0,0,0,0,0,0,0,0,0,0,0,0,0,0,0,0,0,0,0,0,0,0,0,0,0,0,0,0,0,0,0,0,0,0,0,0,0,0,0,0,0,0,0,0,0,0,0
02/22/2020,0,0,0,0,0,0,0,0,0,0,0,0,0,0,0,0,0,0,0,0,0,0,0,0,0,0,0,0,0,0,0,0,0,0,0,0,0,0,0,0,0,0,0,0,0,0,0,0,0,0,0,0,0,0,0
02/23/2020,0,0,0,0,0,0,0,0,0,0,0,0,0,0,0,0,0,0,0,0,0,0,0,0,0,0,0,0,0,0,0,0,0,0,0,0,0,0,0,0,0,0,0,0,0,0,0,0,0,0,0,0,0,0,0
02/24/2020,0,0,0,0,0,0,0,0,0,0,0,0,0,0,0,0,0,0,0,0,0,0,2,0,0,0,0,0,0,0,0,0,0,0,0,0,0,0,0,0,0,0,0,0,0,0,0,0,0,0,0,0,0,0,0
02/25/2020,0,0,0,0,0,0,0,0,0,0,0,0,0,0,0,0,0,0,0,0,0,0,0,0,0,0,0,0,0,0,0,0,0,0,0,0,0,0,0,0,0,0,0,0,0,0,0,0,0,0,0,0,0,0,0
02/26/2020,0,0,0,0,0,0,0,0,0,0,0,0,0,0,0,0,0,0,0,0,0,0,0,0,0,0,0,0,0,0,0,0,0,0,0,0,0,0,0,0,0,0,0,0,0,0,0,0,0,0,0,0,0,0,0
02/27/2020,0,0,0,0,0,0,0,0,0,0,0,0,0,0,0,0,0,0,0,0,0,0,0,0,0,0,0,0,0,0,0,0,0,0,0,0,0,0,0,0,0,0,0,0,0,0,0,0,0,0,6445,0,0,0,0
02/28/2020,0,0,0,0,0,0,0,0,0,0,0,0,0,0,0,0,0,0,0,0,0,0,2,0,0,0,0,0,0,0,0,0,0,0,0,0,0,0,0,0,0,0,0,0,0,0,0,0,0,0,0,0,0,0,0
02/29/2020,0,0,0,0,0,0,0,0,0,0,0,0,0,0,0,0,0,0,0,0,0,0,1,0,0,0,0,0,0,0,0,0,0,0,0,0,0,0,0,0,0,0,0,0,0,0,0,0,0,0,2,42,0,0,0
03/01/2020,0,0,0,0,0,0,0,0,0,0,0,0,0,0,0,0,0,0,0,0,0,0,4,14,0,0,0,0,0,0,0,0,0,0,0,0,0,0,0,0,0,0,0,0,0,0,0,0,0,0,2,75,0,0,0
03/02/2020,0,0,0,0,0,0,0,0,0,0,0,0,0,0,0,0,0,0,0,0,0,0,6,13,0,0,0,0,0,0,0,0,0,0,0,0,0,0,0,0,0,0,4,0,0,0,0,0,0,0,1,188,0,0,0
03/03/2020,0,0,0,0,0,0,0,0,0,0,0,0,0,0,0,0,0,0,0,0,0,0,15,23,0,0,0,0,0,0,0,0,0,0,0,0,0,0,0,0,0,0,1,0,0,0,0,0,0,0,1,226,0,0,0
03/04/2020,0,0,29,0,515,0,0,0,0,26,2,0,0,0,128,0,0,0,0,0,0,0,22,24,0,0,0,0,0,0,6,0,0,54,1,0,0,0,0,32,0,0,2,5,0,0,1,0,0,0,1,251,0,20,0
03/05/2020,0,0,1,0,0,0,0,0,6,14,0,0,0,0,42,0,0,0,0,0,0,17,36,34,0,0,0,0,17,15,3,1,0,44,0,0,0,7,0,16,0,0,12,0,0,1,0,0,0,0,1,374,0,0,0
03/06/2020,0,8,6,6,7,0,0,10,2,24,0,0,0,0,15,1,15,4,7,0,0,12,49,40,37,0,0,0,0,2,28,0,16,27,1,0,0,1,0,19,2,0,4,0,0,0,4,0,0,0,2,511,1,12,0
03/07/2020,0,4,13,0,9,0,0,0,0,50,4,0,1,27,12,0,0,7,3,0,1,15,100,58,13,0,0,11,1,1,9,3,32,43,0,0,0,1,1,17,2,0,13,5,5,0,3,1,26,0,2,425,2,0,0
03/08/2020,0,2,0,0,19,0,30,0,3,21,1,0,0,0,0,1,0,1,4,5,0,11,61,71,0,0,1,0,0,0,30,33,0,29,0,0,0,1,8,30,2,0,19,0,0,2,0,0,5,0,5,540,2,0,0
03/09/2020,0,9,0,6,254,0,17,5,4,23,5,0,1,14,1,0,14,0,7,1,0,23,81,131,35,0,0,0,21,1,17,9,9,37,0,0,0,4,0,65,4,0,18,21,0,0,4,0,6,0,1,1041,2,5,0
03/10/2020,0,0,8,0,19,0,9,2,7,83,5,0,0,0,65,34,11,6,13,6,19,17,109,159,58,0,0,4,11,0,25,13,12,31,5,7,0,3,8,49,2,0,16,0,6,4,1,1,24,0,10,1813,2,1,0
03/11/2020,10,23,11,0,250,0,18,1,3,88,5,0,0,26,0,7,19,24,20,31,22,8,182,217,95,20,0,6,2,158,44,22,21,43,0,2,0,8,0,77,92,0,27,10,7,50,8,0,32,0,11,2319,3,8,0
03/12/2020,0,0,23,18,45,70,21,9,5,4,9,0,0,26,28,21,22,3,10,8,24,3,432,304,112,22,64,14,38,3,42,23,70,0,65,8,0,10,22,0,34,0,34,17,17,40,2,133,45,0,32,3809,7,47,1
03/13/2020,2,14,12,9,0,128,10,7,0,195,11,0,0,38,35,9,18,54,54,22,28,5,985,406,253,3,8,21,3,10,45,43,40,2892,29,12,0,28,0,62,43,0,51,29,47,45,16,2,90,0,85,4326,17,99,0
03/14/2020,16,84,30,38,50,135,31,8,29,27,24,0,0,45,36,16,1,0,35,87,0,9,935,439,334,45,21,52,1,12,70,0,47,103,59,21,0,0,1,0,71,0,56,36,109,20,12,0,112,0,79,2376,26,0,1
03/15/2020,12,0,0,42,41,192,9,0,36,239,33,0,0,3,151,32,1,44,2,86,0,5,1084,460,578,4,33,2,3,11,86,71,248,1969,99,24,0,112,87,89,16,0,90,50,145,34,5,22,77,0,59,1743,38,158,1
03/16/2020,16,0,10,35,7107,179,6,2,18,31,22,26,5,91,512,18,4,34,100,57,687,6,2235,774,503,195,43,95,91,18,121,80,88,221,70,22,0,15,57,162,478,14,55,90,168,126,1,11,87,1,88,4996,80,210,0
03/17/2020,8,193,19,65,148,303,15,8,13,301,25,20,3,83,474,20,1,220,62,120,554,20,2790,1371,504,100,45,106,39,10,160,132,689,1713,185,34,0,17,80,118,229,4,97,81,58,81,1211,12,96,1,325,4815,80,561,102
03/18/2020,10,75,14,50,128,461,27,9,43,413,1362,19,97,115,552,34,6,36,63,152,378,28,3226,1471,432,124,51,198,3,5,147,187,1082,7391,1336,116,0,21,143,457,345,18,174,299,0,44,639,12,58,0,224,4826,123,577,88
03/19/2020,22,26,43,87,1119,736,507,5,23,384,323,16,2,2,1096,187,9,18,109,230,344,22,3138,1318,282,89,66,264,37,1481,216,335,443,7687,655,225,0,31,103,224,473,25,125,0,0,56,448,1332,134,1,424,4460,145,668,96
03/20/2020,13,260,57,91,1776,524,98,8,380,467,555,19,41,143,1134,174,566,10,150,236,264,42,3875,1933,808,173,84,174,5,374,263,202,1017,10143,728,293,0,50,77,700,1049,67,277,271,115,288,2922,621,209,0,593,4120,226,1324,61
03/21/2020,43,74,68,238,1041,807,1502,7,11,4847,678,23,11,298,1960,279,430,11,129,1719,16,41,2771,1849,235,60,26,219,122,407,311,467,14,13010,2043,332,0,78,26,0,1295,36,211,493,28,2852,1245,413,131,3,595,2430,341,1253,111
03/22/2020,1450,196,90,191,312,832,800,11,472,1583,956,30,150,306,2079,661,188,9,803,738,16,54,2102,1504,581,486,17,11,10,94,358,620,951,15964,1162,150,0,104,123,908,1306,42,138,254,56,134,2234,1129,148,0,907,2032,397,1712,1
03/23/2020,230,0,140,204,1460,1422,1400,12,174,3414,1049,37,2700,139,1536,466,843,18,295,2450,545,44,4097,2296,44,71,93,3,2,1078,512,962,607,16888,2000,98,0,91,39,815,1796,14,309,103,29,110,1299,1358,241,11,498,5507,460,861,156
03/24/2020,489,54,96,85,1254,924,800,23,103,2305,415,43,655,581,1613,971,291,1685,20,2655,241,573,4319,2235,1090,480,0,509,621,552,224,8797,587,12981,101,112,0,122,66,719,2255,87,183,546,30,7297,1112,776,173,0,810,5500,630,1246,121
03/25/2020,491,669,103,552,2722,1231,598,24,274,2517,695,37,781,23,2740,425,284,302,1136,2848,187,1120,4484,3033,5696,71,173,312,338,340,458,2854,869,12209,1950,287,0,14060,128,0,2826,61,263,417,40,612,2327,1014,276,55,1074,5248,798,1994,259
03/26/2020,1287,169,151,122,2110,1134,739,15,251,9040,2747,38,5,228,2422,1295,34,551,278,6578,223,3341,4836,4028,1479,833,146,198,292,545,386,5683,951,18625,2421,344,0,2552,237,2721,5808,73,208,36,1159,3113,7930,873,959,0,1097,4687,1082,1633,107
03/27/2020,672,528,7267,87,873,1833,1763,33,307,4855,939,42,11,669,4911,2285,1218,394,716,3330,13,1820,4815,3734,1076,363,167,499,189,1579,777,4835,720,23649,2226,462,0,2833,200,1644,5106,157,216,0,426,1182,2242,1534,152,2,1404,4617,1855,1720,176
03/28/2020,109,533,137,1416,3933,1593,0,51,351,8178,1186,4,14,715,3949,1471,698,501,1107,3802,43,3075,3202,2828,3837,84,9882,687,154,1826,662,5138,874,10181,2391,503,2,269,151,1248,4771,241,241,184,215,2247,1594,2068,345,54,1946,2797,2427,2257,276
03/29/2020,110,413,5544,111,1065,1687,3500,18,296,4187,1513,36,2523,710,2271,1423,676,581,418,2710,42,1308,2473,2434,1209,95,1465,912,76,628,477,5092,1619,16426,1418,522,0,247,77,1254,5450,129,319,842,557,2236,500,2681,313,18,1598,1987,2818,1460,83
03/30/2020,1563,320,2887,2282,739,1283,2700,2212,272,10382,160,20,1000,424,2684,1828,1237,409,477,6162,22,1585,5581,7425,1044,518,1850,17,653,2053,513,6258,173,14108,1919,294,0,6610,54,1457,4409,137,450,1296,362,2730,10120,2010,272,10,1386,5450,3110,-548,294
03/31/2020,726,59,2612,747,2258,1633,1557,1535,674,6925,3457,30,675,1006,4779,1715,799,502,792,4934,2722,2054,5930,4362,1516,638,1706,104,374,591,250,3913,1348,18718,2242,207,0,1916,106,943,4624,329,284,614,138,4056,7112,2510,258,0,1685,4881,4143,1682,174
04/01/2020,495,890,1687,1456,673,1407,443,368,91,5861,4145,43,254,889,5159,1002,468,469,746,6809,41,2945,5576,5209,1002,311,1486,500,582,1004,449,6869,713,15694,3137,565,4,348,173,46,5744,261,440,627,315,5092,4865,2654,252,0,1897,4962,4575,1680,240
04/02/2020,962,419,1651,585,3073,1692,1700,576,1222,10812,2631,41,1535,681,3272,1910,815,718,344,5310,32,2536,6004,4622,1983,1145,2256,402,539,1248,577,6468,771,18085,2436,649,15,5379,177,2213,6482,225,797,669,350,2159,2822,62,253,26,2392,5171,5493,1717,241
04/03/2020,883,994,1964,1176,2300,1589,1715,486,514,14426,2308,19,27,663,4392,1550,785,463,4904,2559,56,3036,6567,4820,1346,181,1787,256,542,486,480,8393,767,21555,2919,535,0,3457,159,1349,7401,507,529,0,398,3228,5085,3019,551,10,1964,5053,6367,2283,277
04/04/2020,1234,24,2487,671,78400,1816,2014,1022,854,10345,1029,22,1787,925,5533,1965,787,504,2768,4853,24,2629,4744,5147,1663,477,3435,601,613,1631,536,7853,854,23101,7175,496,0,3496,218,100,7915,630,882,11319,444,3552,7987,3795,429,32,2709,2699,7686,1695,266
04/05/2020,2225,244,250,872,2833,1968,1241,527,396,11337,1538,40,677,1391,5402,2852,601,645,1091,1827,14,3401,4102,3826,1462,630,2344,426,542,668,479,6810,1196,18659,1272,440,0,1885,132,3090,7741,491,803,662,369,3909,7187,2849,619,24,2193,2096,8838,1477,105
04/06/2020,1687,599,5124,1603,898,2120,3416,0,619,9870,3442,13,571,734,3959,3539,758,861,2104,8841,29,2633,7580,4435,1178,13152,2586,187,866,798,336,6866,2308,18531,681,357,0,4622,96,1177,6083,397,1343,0,427,2050,14419,2502,363,17,3809,5383,9940,1628,692
04/07/2020,151,30,841,793,13798,1202,2350,1562,370,14888,2439,32,16,251,5790,2573,1119,430,1188,5489,20,1404,7622,4261,1550,177,2134,195,471,1010,360,5942,2689,19247,356,437,2,2460,10544,1206,7424,594,1924,4704,248,5524,3292,1253,517,0,2962,5476,12059,2136,76
04/08/2020,4206,155,1189,892,13035,1634,0,0,460,4972,5074,37,1607,652,6334,2105,1248,669,1649,6751,18,7936,7958,3932,1453,88,2141,413,703,1927,431,5442,420,25095,1905,877,15,2503,52,1557,7260,347,1913,954,480,3744,7609,1469,379,22,2391,5065,12545,1818,141
04/09/2020,1705,155,2614,421,19236,1233,4466,1334,441,9415,2298,34,602,633,5791,1264,1007,592,197,5513,23,3155,7775,4286,1831,257,4384,462,722,1205,447,6776,1562,26396,4822,543,0,2644,6934,1063,7064,500,2010,2733,399,3231,9876,2257,266,10,2310,4491,13863,1473,94
04/10/2020,199,209,556,2169,1363,2199,2786,1851,631,10281,5062,71,398,563,6670,2907,980,639,2487,5361,26,3924,8851,4243,1759,209,2246,437,671,978,454,6331,3291,26336,9836,427,0,2588,1885,0,7417,460,1799,816,500,2950,9584,2389,317,26,3372,4481,14555,2023,836
04/11/2020,223,300,2796,1458,8356,1675,3543,-638,684,10103,5568,34,1382,670,4622,4175,1179,929,0,4635,30,3632,5306,3452,1626,173,2432,284,631,838,549,6670,0,23095,2748,610,0,1898,494,1597,7134,525,2993,1910,357,4029,4815,1784,581,27,2799,2187,15452,1612,465
04/12/2020,334,306,1579,1144,17109,2462,1389,0,601,9820,2738,0,437,544,8586,3274,460,910,279,7130,17,2175,3802,3000,1190,139,2028,332,706,1024,375,6542,1594,20621,1746,396,0,2772,102,2534,4737,345,2202,1332,549,3849,4000,1688,682,0,2365,1481,16257,1378,21
04/13/2020,7599,-208,1238,1082,554,2585,3089,717,294,13454,2568,77,876,573,5033,2050,1104,611,1299,4046,5585,3804,7504,3544,785,9571,228,185,281,853,385,2734,1823,16756,1249,457,0,1869,99,1363,4902,147,1984,0,449,5518,8693,1553,558,23,2142,4586,16655,969,500
04/14/2020,3935,518,749,327,11326,1794,1532,484,350,6973,4774,41,576,233,4848,1478,189,283,817,10331,36,1583,11345,4523,1191,6894,2550,136,385,1197,225,10305,1455,20786,1651,206,2,2889,5410,1242,3839,344,1096,2447,294,2636,13241,689,225,4,1613,4658,17038,1394,10
04/15/2020,960,316,1214,703,14278,1018,4302,798,241,10329,2295,32,383,284,6313,2379,984,521,1014,3506,2504,2406,11653,4073,1696,273,1034,349,372,994,331,4247,880,26869,2788,340,0,3551,950,988,3953,592,2076,861,563,2065,5343,1138,431,5,2047,4498,17656,1536,363
04/16/2020,2314,71,2088,841,29914,1182,2979,248,625,5739,3849,27,897,844,5660,2719,806,1454,627,4658,26,3578,10706,5368,1456,264,1636,353,565,796,471,7809,544,24567,3090,400,0,3288,1680,1587,3886,559,2150,0,691,4153,6737,2064,359,26,3026,4702,18306,1831,97
04/17/2020,1457,715,1832,819,5214,1495,2340,667,493,15589,3745,70,1157,410,7574,3670,1117,779,1423,5401,31,3439,13125,5859,1466,169,1069,308,810,1311,410,5619,1094,22644,2064,819,15,3086,2721,1383,5903,574,2941,1551,512,2224,10989,6093,564,16,3271,5123,18681,1594,11
04/18/2020,4690,205,1815,647,8052,1706,0,0,625,11690,2524,3,486,295,7241,2088,1155,775,849,6012,20,3776,7478,4555,1482,181,2042,325,573,989,565,5087,1125,23309,3230,696,1,1115,1916,1262,6592,241,2125,2549,598,3313,6703,4173,410,19,3305,2568,19440,1771,96
04/19/2020,3174,240,1945,68,21234,1581,2751,777,431,9552,5725,0,1127,494,5914,4269,1603,454,1629,-2651,20,2739,5596,3172,1232,300,150,329,898,847,601,8152,1019,21023,2561,932,0,8258,29,1455,4889,320,2046,1647,402,6512,6471,3611,242,158,2706,1967,20031,1524,759
04/20/2020,188,229,1510,2344,9600,1826,4593,459,414,10146,4395,48,705,4,5040,3497,1270,631,347,763,8,3952,12963,4572,842,12369,2104,153,1105,749,653,7369,410,16306,712,893,9,3540,81,1007,4098,245,2428,0,264,3591,7684,4756,224,6,2439,4968,22155,1457,103
04/21/2020,2626,995,652,888,9600,1477,1386,613,826,10834,3812,42,521,362,6639,2625,1795,340,248,331,13,2188,11823,7369,1749,930,1107,190,692,708,594,6769,1713,15464,3847,269,0,3875,8698,1083,3899,349,2301,797,489,7493,15005,4047,104,21,1974,4791,22763,1394,241
04/22/2020,234,1040,1449,2272,165227,1476,5726,687,563,11568,5932,54,650,363,9349,2206,629,1102,508,404,2727,3298,15397,8102,2130,1471,1036,342,307,833,934,6833,2122,20657,7005,677,0,3792,1569,57,5105,-330,2554,1834,631,6798,11384,4102,333,9,2716,5127,25836,1918,6
04/23/2020,3881,2,2096,1877,16770,2167,1579,359,428,8081,6990,98,782,1002,8970,2570,1018,1115,2747,667,30,3906,13425,9341,2491,1554,1294,292,681,861,785,8489,355,25938,5849,820,0,4371,123,2791,7158,471,2808,1352,619,8120,8295,4167,326,0,4811,4963,27905,2199,-54
04/24/2020,54,120,2017,3988,12076,1904,2541,467,603,20251,6114,55,759,275,16316,3513,2711,2270,6769,599,28,4870,14903,9085,3080,281,5757,252,1252,1443,592,5814,5331,34736,4399,1335,0,4820,104,1516,7029,361,2949,0,759,8228,17469,4070,397,59,4990,6176,29811,3470,475
04/25/2020,18649,3451,1794,2475,11862,5249,3564,319,769,16140,11838,76,1153,34,11985,4221,2377,1611,2118,890,25,4486,10266,6434,2615,3287,2011,370,1361,1016,1309,7724,4947,46912,4681,2042,0,4286,6944,1885,6792,31,3775,4551,772,10078,20269,5509,471,52,3529,3448,32966,2916,119
04/26/2020,2207,445,2303,1416,20049,2943,2209,1551,766,11514,4209,79,443,17,13335,1934,1740,1028,1596,4034,25,4288,6208,6002,2564,1831,2530,365,1255,978,830,9458,2225,27782,2629,1188,0,4403,60,1587,5658,64,2599,1747,678,6068,13205,5496,251,9,4061,2085,39063,2345,11
04/27/2020,446,79,1732,988,27325,3237,0,367,348,11850,3946,38,527,526,12676,2768,2060,940,1916,3953,8,4033,13795,7461,2017,2674,1358,171,1135,627,631,4631,2880,20745,2026,1994,0,3631,27,2234,4829,18,2625,0,101,6928,14496,4493,308,18,3742,5797,43039,2274,18
04/28/2020,1830,833,895,214,24199,2659,12934,1564,469,10412,12851,116,173,28,14561,2705,1673,923,324,4119,17,2827,15275,8767,3346,950,2397,158,1242,1306,647,6584,2188,18899,2832,1454,0,3330,6528,0,5666,11,1869,1384,237,7526,9867,2244,128,3,3254,5968,43055,2454,445
04/29/2020,4622,2030,1375,4778,25531,2702,2073,358,344,6613,203,165,435,8188,14478,4369,1514,1368,3612,5460,2778,3055,15514,10413,7082,1682,3656,337,26,909,582,6959,2942,27487,5688,2044,159,5561,1568,3274,5795,33,2673,2072,221,6621,14406,3339,212,16,4089,5696,43071,3364,463
04/30/2020,6747,0,2973,2930,22198,2754,2315,282,850,8917,8821,261,1022,453,13200,3448,1330,2168,1691,4741,39,5433,16874,11588,4347,246,3528,386,1690,958,1605,6600,3340,28155,9596,2030,375,4982,2155,1560,6482,106,3819,2295,195,9077,15510,2723,215,79,6644,5526,44541,3156,236
05/01/2020,4737,1206,3093,1297,29648,3312,3124,765,1056,20294,19323,897,454,377,14821,4641,2925,1408,2510,6942,28,5278,17290,10598,4485,5208,1738,289,2064,1609,1279,8627,2784,26802,5796,2089,164,6616,130,2144,6083,36,3201,2867,335,8506,21475,4057,579,4,5440,5695,46844,3670,241
05/02/2020,276,1074,3118,1906,30063,3336,0,527,869,13313,6433,183,891,265,15208,4502,757,1908,1037,4607,29,5128,9197,10338,3730,2927,319,432,1963,792,1120,5767,3249,31633,5643,2114,185,5313,103,1960,7928,182,3540,2237,728,10144,28873,5246,313,111,6613,2704,49146,3374,340
05/03/2020,291,179,3122,1308,30703,3335,2236,625,1098,12177,0,114,965,316,19417,4718,6837,1836,0,3302,33,4636,6462,7005,3164,3118,232,372,1914,879,1222,12754,3826,26840,4360,1889,387,4347,121,1918,5265,51,2183,2572,326,8331,9912,4298,343,29,5852,1797,51638,2734,184
05/04/2020,10617,145,4134,1552,32123,3582,0,373,693,16081,8212,89,916,0,13834,4438,3975,1825,760,4771,20,5617,15444,8090,4068,2084,8475,81,2492,900,426,2154,3033,21399,2604,1461,0,4989,72,1403,4949,35,2443,0,296,6836,16838,2559,324,14,4821,6365,53239,2781,238
05/05/2020,3649,969,3007,193,32028,2232,6150,570,534,21421,17802,99,133,495,13139,2537,3408,1489,1638,7300,21,3143,16013,11108,3166,631,3615,184,855,1718,878,10403,3743,21589,5361,1878,462,5580,15569,1967,5292,81,2485,3583,309,7419,19812,2054,179,8,3295,6125,54823,3858,459
05/06/2020,2750,963,3477,4368,29134,3010,2804,1788,655,14360,3323,137,1200,229,14974,4662,2602,2022,967,6441,2574,4537,16685,12106,4479,217,5681,4432,1519,1391,1332,1297,1531,27022,12682,2554,1,8194,3473,2552,5458,-9269,3306,9711,394,8239,11728,4287,221,17,6185,6412,55784,4225,1111
05/07/2020,5657,686,4697,992,33838,3161,4727,858,872,12899,0,88,342,343,17783,4286,3256,2708,17590,6095,76,6357,17091,12221,5015,262,2875,543,1630,2082,1420,3738,2433,33995,6846,2518,0,7130,3997,2482,6448,63,3317,0,698,9227,16224,3541,411,0,8712,5514,57521,5568,4
05/08/2020,4941,1132,4691,3999,32398,3306,4367,938,1259,20391,23340,62,1077,381,20671,5346,3834,2886,2788,1649,44,5048,16945,12576,4876,404,5099,698,2654,1987,1120,6101,3348,31627,7285,1918,538,8257,2970,2235,7771,125,3394,-4040,1179,7250,21956,4145,534,36,7282,6096,59436,4639,9
05/09/2020,5380,976,4685,1534,37298,5376,3028,1032,1068,14390,7847,17,-356,529,16617,5558,1215,2225,5037,9741,34,6049,7688,11506,4913,288,177,384,2564,2767,1514,6447,4230,32225,7749,1891,1,12354,6012,1927,6548,17,2957,7521,1659,9170,12176,4606,476,0,8426,2508,60997,5042,9
05/10/2020,1927,915,4567,0,43094,4680,6623,1743,1387,11217,8223,0,1008,333,13653,4343,2698,2572,472,3715,28,7340,4559,8453,5300,123,6648,375,2593,2698,1672,7241,3791,29230,5773,1346,0,8192,99,887,7276,25,3800,3494,942,9121,12482,3216,477,79,7117,1776,62644,3520,9
05/11/2020,2023,1316,6087,3502,36233,4024,2316,889,691,22109,7741,195,413,0,12441,6659,3618,1604,0,4958,26,7930,15642,11847,5303,14283,74,868,670,1275,1270,113486,5445,21653,3730,2446,358,5668,24,2099,4475,58,2397,0,684,11408,23921,4075,631,8,5553,6198,63469,3096,7
05/12/2020,3774,1281,6378,1414,41473,3071,5916,1363,789,18547,10891,102,256,557,29266,3822,3496,0,17101,7182,15,3754,17359,15045,4013,1807,5676,463,1704,3991,910,7127,4223,20462,6379,1283,178,7201,119,0,7122,43,2114,8683,619,10547,12475,2900,312,5,4204,6106,65069,4926,2987
05/13/2020,0,688,4908,2771,32222,2929,4519,1462,0,15159,11725,171,426,416,17668,3573,4431,3519,0,9892,38,5425,17922,19358,7297,2356,2846,817,1782,2597,1592,8390,3568,33794,8213,1703,167,8123,13016,6381,6889,30,2998,0,647,9093,18604,3301,602,13,6009,6144,66680,4681,13
05/14/2020,3154,1113,6588,2603,39059,3821,6619,2104,608,14074,11977,117,516,622,22678,6156,3575,0,6608,9684,50,6028,17377,16993,6734,5278,2968,697,3616,2812,2669,10246,4722,39850,8811,2317,285,7498,3056,63,8326,98,3981,9395,629,9400,30537,3333,790,36,8735,6373,68713,5907,358
05/15/2020,9691,656,7663,5711,29255,4017,6346,1421,2681,0,15993,136,-105,990,26565,5209,4272,3964,10637,5601,38,7267,17768,15821,9128,1497,7348,869,3874,2662,1919,11276,4590,39291,12279,2086,0,12830,6009,5456,8637,115,3737,7081,941,7439,22317,3099,741,30,7952,6541,70936,6534,593
05/16/2020,7431,863,4787,0,45220,4262,8847,1480,1193,21210,19195,4,2107,939,23047,5910,2734,0,6452,6553,45,7598,9340,11665,7968,1653,4882,673,2763,1565,2347,12252,4857,40669,7039,2684,14,520,5207,2693,8004,47,3839,0,762,10445,29109,3556,968,0,7210,3498,73393,6083,396
05/17/2020,2856,1370,4973,3656,56117,4422,5852,1107,994,21745,30106,85,791,971,20295,5885,3941,0,1707,5428,39,6335,5855,10647,5973,4650,6915,794,5662,6926,1833,12341,4126,34679,10358,2473,0,17760,73,2157,5068,57,4590,10870,383,5079,11616,3978,777,84,7805,2468,75490,5847,666
05/18/2020,773,960,4712,0,57429,3414,7072,1593,1299,24620,13114,119,371,0,21297,6669,2907,5398,0,4578,26,6706,17590,13101,6397,2641,5083,1282,1861,1195,2601,18004,4669,26161,6811,2022,81,7387,88,2959,7705,64,2999,11073,486,12148,29490,3270,577,0,8508,8462,76035,5013,12
05/19/2020,443,769,5098,8516,46644,3269,7841,1674,1549,39443,13867,104,2978,1391,18443,5418,4500,0,24395,8325,28,5757,16689,16857,6377,1993,2772,783,2483,5723,1273,14613,4367,28182,9253,1839,397,5753,15587,2405,9091,95,2251,3504,664,8695,20301,3289,567,20,5640,8633,78301,3985,763
05/20/2020,6884,665,3864,2557,40804,3014,5198,1280,1045,55493,24784,145,1281,497,21029,6408,3100,4213,0,7897,13436,7535,16910,14215,6957,2920,7874,776,2151,3616,3427,11161,4626,38097,12595,1982,0,11926,5224,2429,0,61,3583,0,680,7890,20782,2353,0,16,8154,7060,80641,6640,980
05/21/2020,6289,2500,6192,3018,41007,4365,5729,2130,1337,42581,4791,92,845,316,29307,7257,5817,0,4872,19411,58,9592,15944,16399,8280,5290,108,798,3505,3211,2531,12931,5098,49219,13042,2624,272,9550,5224,3075,19206,40535,3096,3175,912,6570,19253,3210,643,0,11052,5733,83141,9461,14
05/22/2020,7029,1901,4376,3771,45646,5121,5881,1444,1237,21567,19518,215,836,702,25113,5566,3685,5231,7568,6427,71,6462,14811,19959,9722,12003,10854,1333,2779,5559,2355,11040,5423,45738,12579,2491,229,8722,3572,2615,10095,117,4131,11785,1043,7587,1181,3960,32,29,8187,5844,84829,10013,570
05/23/2020,4908,905,4436,0,48533,3550,6039,1548,-4065,20941,26288,80,836,1008,25114,6372,3691,0,5098,2639,65,8715,6712,14492,8896,-3753,-24642,795,1563,7106,2039,23421,5616,51268,26358,2257,0,8694,7736,2368,9451,70,3510,8887,1184,5588,21344,3945,1691,0,10630,3350,83744,7129,610
05/24/2020,3123,1156,3202,5534,67439,6197,5769,1336,1875,14798,28417,210,751,797,25674,5868,3815,0,-1602,1589,42,6731,5559,11695,6981,3682,3315,729,3223,3234,1965,25072,10736,47765,7074,2281,439,8059,77,1988,7643,89,2982,5037,1377,9818,839,3654,1166,0,7319,2823,85694,7287,25
05/25/2020,4516,965,4141,3041,61357,3379,7590,2026,0,37000,31591,0,799,0,21643,5450,4959,4965,0,14862,19,10831,4566,9413,6653,6015,5766,301,2527,4450,1400,19990,4362,39623,8034,1925,0,5781,53,1663,7019,71,1521,2073,378,12643,42109,2035,1079,0,7585,3303,86325,7491,335
05/26/2020,3444,492,2949,0,52294,4033,3636,1018,1252,14989,1400,115,0,0,17230,4498,2289,0,0,10128,35,6126,15436,12024,6942,3902,2913,152,2310,8636,2104,12095,3880,34679,7641,920,183,9066,-1092,1680,5358,64,1519,6714,1755,7285,15579,2124,754,82,5226,8770,87811,7791,1108
05/27/2020,2035,1399,5535,3877,40498,4175,3507,507,642,10347,-74189,1,831,1609,17179,4584,4522,3089,12212,6621,8058,10556,13943,18089,9527,313,5223,1809,2379,5192,2433,24433,3285,37416,11825,1000,260,10325,18697,1454,10935,73,2904,2949,968,6126,34441,2034,576,17,11501,7309,88461,10377,10
05/28/2020,4687,1607,6648,3142,53665,4440,6656,1380,817,18045,4430,277,637,853,25993,6954,3407,0,0,7380,52,16354,12813,17390,9945,8365,5546,1150,2559,2631,1802,25532,-1103,65245,11036,1890,223,10287,3768,2655,8439,20023,2341,6566,1020,6359,17544,2881,153,175,11757,6822,90315,10678,1650
05/29/2020,8402,1469,6899,1127,44919,7178,5868,732,344,31623,5085,133,985,882,21796,6426,4387,10461,39170,0,37,11719,13476,16524,10383,9811,6783,1736,1823,3226,2664,30554,4001,67341,16039,2787,261,9878,4992,3034,10463,161,3716,6008,1656,5978,20057,2348,733,16,12362,6840,93377,13635,107
05/30/2020,3318,2256,7234,6729,53117,7915,5542,1796,1771,11729,4567,7,1190,661,25343,7682,3103,0,-13084,13792,3860,10845,7555,15846,8436,-376,7580,755,4205,4116,2147,28897,4717,61251,12926,2956,324,12057,5720,4114,9463,71,4340,1262,2256,5079,35242,4250,782,0,11953,4087,95890,9859,814
05/31/2020,9106,0,8159,3018,56253,5703,3111,1342,854,26381,10687,0,606,1264,21154,5151,5873,0,5552,6290,43,9412,5062,12930,6882,5905,8131,514,2134,4028,2732,837,6186,58444,12132,2032,165,8961,88,2406,7885,58,4123,10697,1190,8931,23348,3809,1303,0,9839,2922,97622,7377,310
06/01/2020,1928,2495,2864,3721,67735,7532,11347,1776,780,19051,6106,214,-6133,0,20014,4350,2785,292,2267,12261,24,8772,12892,14477,4181,4417,6147,859,2523,4223,1379,49455,5157,49952,5619,2308,161,7158,67,2417,6672,97,1826,4472,1533,12516,18166,4198,1356,109,7958,8023,98095,3664,754
06/02/2020,567,2013,9763,0,59008,5096,9217,1615,438,9352,2656,75,434,1434,16431,6023,4609,8071,11203,5763,3335,8786,13074,15938,7671,3244,5722,1555,2753,5308,1506,22077,3511,54054,13013,1538,223,11842,11384,2591,10542,62,2994,14089,1185,13643,16193,3679,1293,195,7484,8470,100543,10567,597
06/03/2020,7495,1979,6692,9244,59703,3395,5826,858,1861,31161,8425,336,587,799,24471,5896,755,4741,5143,8954,41,14385,13111,16380,15901,5249,5923,1236,3548,4160,2770,19743,3722,61642,14342,2568,0,16197,3395,2459,2520,88,3298,4148,1816,8643,20544,2190,576,20,12268,7329,103768,16474,884
06/04/2020,4002,1915,5230,4905,51377,4859,5089,989,1534,26130,13619,257,1130,855,22841,7419,10490,0,3726,9099,3192,11524,12024,14968,10940,238,7308,1194,2289,5172,3934,20309,6159,63559,19039,3471,138,11146,3670,2644,16111,485,3735,7926,3960,5359,31787,3526,639,20,11402,6377,106049,12188,367
06/05/2020,3860,893,14110,3590,55792,8296,5862,820,765,27897,11457,390,1698,3809,18903,6404,5728,5600,6249,9600,1331,13210,11524,12748,11037,8128,5881,1246,2567,4684,2860,61162,4761,66480,13845,2550,0,8944,4749,3934,7704,112,4734,448,741,6034,23021,4690,1283,5,11931,8069,108518,12371,617
06/06/2020,6151,2911,7781,5782,69837,6581,16042,906,1817,39245,15069,89,921,1616,21155,5892,4051,0,6632,7283,1391,12490,6265,10585,10412,10,5523,866,2725,5664,2736,24125,6883,77895,15203,3920,0,12331,5130,2913,11622,28558,3727,1445,2095,9249,31701,2952,966,145,9893,4772,109723,11808,896
06/07/2020,13922,1003,9975,3516,53918,5690,5594,1362,869,41973,12004,0,798,793,20700,6733,3478,0,0,5996,46,9251,4975,10369,9544,10126,6793,624,2222,3926,2131,17409,4507,60435,13876,2247,546,10498,147,2241,9557,70,2804,5115,1602,7347,7169,2802,1135,0,9237,3125,111807,11340,243
06/08/2020,0,1008,6460,0,68972,5366,4672,950,1219,18392,9510,266,1092,0,16823,5240,5430,5856,3787,8537,2676,8101,13946,12939,7771,4963,4603,4214,1638,4306,2343,14664,5228,58054,8887,1387,1,7794,55,1479,7565,61,1687,6802,759,13995,19870,4948,1580,3,8655,10560,113605,7608,1223
06/09/2020,8156,978,5132,10247,55055,5261,4327,806,1386,23755,7537,247,327,1634,20309,5887,4101,0,7056,11066,775,8118,14355,16872,8881,0,4234,1592,1285,3586,1948,14408,4426,49973,15598,1602,281,13572,12238,3738,8354,139,1966,3321,1340,8434,27039,3961,1430,9,8054,11751,114338,14257,362
06/10/2020,5306,830,6474,5697,54553,4793,4982,992,1040,20718,13850,306,699,1370,20820,4704,5106,4233,14458,6452,1520,8496,13436,15,12040,5673,5934,1432,2470,3734,1769,19437,2856,62297,17939,2765,0,11494,3256,3141,8126,144,2890,4550,1526,7630,13732,2900,1514,33,10867,12421,117990,10238,516
06/11/2020,5761,1291,9586,0,56849,5172,8067,2288,1096,27725,13175,98,1122,1056,22325,7248,5710,0,6679,9553,1517,11547,13081,14469,13401,0,7411,1161,2500,5931,3235,21859,3900,60839,19027,3303,58,10699,4148,5046,9942,23,3179,-22475,1059,6467,45233,4908,1467,11,12100,11970,121120,9313,766
06/12/2020,7553,1869,11543,6428,64611,5401,14061,3661,2665,29151,7493,147,1284,1312,24911,7838,6005,5410,0,9861,1430,9748,13004,15767,12818,608,6095,1245,3111,6191,3032,24603,9727,72395,23020,3332,181,11135,4769,4385,12012,24779,3687,6002,1261,54879,20637,4118,1425,41,9966,9637,124039,11662,282
06/13/2020,6864,923,7269,4372,62135,5596,5035,2405,1083,34514,13254,16,759,1214,21844,5457,5064,0,13479,24849,1463,10555,6435,13196,9658,-608,4661,982,3604,5435,2639,22819,0,70840,15993,3247,174,15180,225,4290,8667,154,4805,5847,1508,11189,33362,3996,1299,63,10561,6423,127517,11331,1155
06/14/2020,4203,1664,9643,9972,77603,7385,7184,1688,1494,38602,15786,0,984,314,22040,7754,5026,0,0,4949,1508,8480,5039,14015,0,168,5693,903,1738,5731,2581,19401,3710,62359,15440,2058,233,7322,4379,3403,8182,121,3130,6430,806,13858,35664,4931,1049,21,9500,4093,131199,9218,10
06/15/2020,5219,970,7201,7063,66186,5893,4922,2899,1316,21169,9589,215,1152,0,18627,7438,2754,7810,1265,9393,1113,8486,14126,10539,5212,16450,4452,2030,1640,5823,2095,18467,4671,56611,11349,1995,0,10948,186,2254,9797,79,2110,7221,1076,14758,18778,5225,1575,1,8677,11883,131953,6287,-440
06/16/2020,2742,1778,9062,1240,69573,5164,6435,1388,1280,30125,4218,274,554,2664,18729,7916,3250,0,-830,13992,1364,10497,13700,11497,6223,10300,4850,2640,1758,6040,1717,15699,4256,60568,12942,1770,0,10965,10801,3402,10062,61,3284,12122,807,9012,33681,2762,333,0,7489,12560,137071,11181,1788
06/17/2020,5289,1494,11855,15407,60233,4481,4571,513,2960,25450,15450,166,1215,1135,29987,7437,4493,5162,4820,12504,1683,15594,17892,14351,19442,3586,211,1938,2874,5136,1942,16059,3632,59341,16001,4343,0,16430,3627,4812,9739,52,3118,5075,1786,5583,21196,2992,773,49,10219,10795,141370,9691,656
06/18/2020,11799,3476,13528,7735,76542,6818,7014,2097,2113,25553,12696,390,1131,1197,25504,13540,5800,0,6509,0,42,8562,17340,301,12292,-5674,12340,1355,2426,3186,2636,23893,4344,68541,26256,4087,0,15461,4121,4786,11237,108,2941,7769,1365,7821,38103,3993,1082,0,11335,9795,144429,10638,1085
06/19/2020,8782,2446,12476,6338,81172,6502,11795,1750,1592,21559,6556,127,1370,1518,27310,8165,5718,5525,4841,45688,3101,8628,11621,29742,14273,0,8942,1552,3033,3564,2525,22609,4278,79303,18635,3778,0,16012,5025,4781,13150,84,3180,7777,840,9295,16173,4673,1142,97,9873,10006,146014,11161,320
06/20/2020,8194,3287,13058,7462,78710,7595,3799,1982,4162,28401,24613,295,990,1635,25965,8915,3558,0,5914,13907,2415,11802,7208,14706,16891,0,4831,1108,4008,4603,2995,24530,4427,68830,19028,3896,0,13929,7384,178,10509,268,3899,7949,722,13651,39484,5519,1141,42,8834,7072,148396,10225,-9133
06/21/2020,5155,1133,14464,0,84844,7016,2043,2558,1569,38024,9719,0,1126,1756,23816,10118,6945,0,0,5996,1414,9424,5228,12792,12320,0,4042,827,2387,2728,2201,26094,8829,67526,14434,3861,0,13256,478,8516,10018,62,1958,6418,1111,10289,62782,3518,817,12,14255,3797,150589,6060,18
06/22/2020,4432,2773,10046,14105,92430,5637,6351,1749,2482,18191,9719,394,851,0,18219,6996,1480,7364,4858,7252,14,7433,13590,10591,8774,14534,2217,948,2267,2374,1287,22432,0,56780,11570,2184,0,16380,218,4017,10103,39,1072,1213,303,14476,22829,2917,762,0,8774,13634,151204,6563,33
06/23/2020,4924,2123,10720,8153,85243,6238,-1484,813,1298,23265,23235,247,629,3183,20507,7460,6071,0,9247,17875,703,10360,14067,10651,6908,611,0,2618,2134,4461,1379,16052,4645,48709,16483,320,48,10836,12399,4084,11255,121,3846,5371,657,5314,48281,2964,721,42,8137,13098,154328,11828,1347
06/24/2020,4708,3149,8662,7374,95970,4114,6473,665,871,27590,11973,387,1199,1646,29331,5507,5256,6692,4387,12566,3483,8887,13998,16137,9598,7801,9650,1143,2659,4091,3162,16194,4007,51144,17457,3863,0,10250,3221,3296,12305,135,3988,8957,1091,12885,32968,2462,532,51,10763,14545,157048,10104,1412
06/25/2020,10686,3356,15000,5514,101446,6281,7850,2791,2558,52302,14690,380,1396,2684,31686,12369,7095,0,7171,12160,2408,11637,12646,18034,13053,4336,14624,3266,1869,3553,2775,21265,6022,67642,19993,2894,0,18943,6687,2610,13393,57,3614,15150,777,9245,29082,7316,849,63,11740,13233,158704,11222,44
06/26/2020,8852,2340,15530,0,76969,8287,12704,1108,1392,48241,13104,474,1070,1811,30478,9638,6589,6154,7849,17341,2256,9914,13231,18867,14582,5897,6970,1829,1832,3112,2509,25762,6565,61723,25447,4343,0,21922,5812,250,14280,45,2971,1313,1161,14483,37994,5514,880,52,11693,13587,161957,9170,1579
06/27/2020,6169,3789,15007,6585,90996,7238,9206,2162,1148,60640,18785,259,1296,1666,30237,9127,6109,0,0,0,2078,10414,7836,19115,11629,5427,6672,1086,3596,3744,2979,20578,5968,73262,18406,4085,0,23287,14886,10755,0,144,2537,16493,1085,6521,25492,5234,1134,41,10518,8678,164655,9114,24
06/28/2020,1777,2719,15148,7257,93642,8521,6330,2084,3861,52372,17125,227,1177,2279,23789,7518,6163,0,7632,18105,1563,7564,6248,15858,16510,2867,5883,1227,4200,4554,2358,20583,2321,61906,16774,3109,0,11926,302,247,23901,123,3284,8638,793,0,52393,5647,1142,0,10692,4854,166508,6504,25
06/29/2020,6997,409,1524,11314,105740,7655,21462,3585,2228,30846,16179,536,1677,0,26918,5984,4930,8866,3001,8526,28,12536,16112,12696,7538,3334,6233,6269,2474,5437,2117,16151,8089,46428,14400,3292,0,17617,228,7263,9907,79467,1486,9503,564,28653,43970,5456,1128,0,9045,17616,169655,5938,33
06/30/2020,13343,3476,20913,8667,105447,5462,11536,950,1935,32252,10761,401,588,2947,31069,7677,3343,0,9471,23874,1429,8682,16112,15682,12361,4024,5601,2118,2885,4551,1995,18390,6672,52025,23728,1693,0,13547,15404,2501,11298,215,3756,11267,631,15921,50093,6848,771,76,9645,17729,171764,12809,1816
07/01/2020,7290,2215,17227,3655,87037,5803,11451,503,2740,35359,21160,469,1315,1713,33090,5520,5602,6448,6134,23577,2289,9571,14528,16802,11791,6206,16733,2469,2451,6528,1534,20563,6461,56710,32205,2459,0,4076,4716,5726,12617,72,1997,9300,855,24759,52666,2605,528,63,16514,16148,173352,12631,27
07/02/2020,5788,1509,11235,9129,84542,7001,10305,3534,1028,51829,28201,149,1232,4061,30262,7119,7748,0,8689,15286,3576,13659,13916,23278,13320,5287,7578,1819,2054,632,3714,20976,5879,69945,28882,3503,0,1301,6737,7694,13469,71,4238,11529,998,20568,53855,3028,1049,50,12640,14811,178341,12923,1544
07/03/2020,10907,4299,17535,7250,109458,8706,-28,3425,1746,49177,17978,616,1328,3582,34387,7318,3923,8388,9829,16768,2632,15564,8339,23128,14745,0,7641,2354,1472,8957,2278,21588,6577,66392,28173,4576,1,34851,10804,3678,13871,75,2876,7631,1052,24035,38103,10250,1054,45,11483,10069,180702,10229,32
07/04/2020,11457,2524,11121,7656,104855,7934,-60,2350,1745,65137,25142,405,1858,2355,33836,8135,7550,0,0,0,2496,12955,4277,21889,0,10876,7302,1447,3454,7544,2386,23047,6737,62403,19003,4343,0,20213,580,294,10679,104,2057,11661,837,16115,57903,10080,1002,110,11709,4634,181429,6860,24
07/05/2020,7798,1021,14844,0,127107,6697,24542,3248,1439,53702,22826,0,849,3201,27235,9434,3461,0,0,18312,1987,9076,6645,16665,28843,226,7248,1156,2340,6468,3366,26092,8914,63415,18542,3742,0,20392,283,9175,9877,129,2374,10116,173,17562,61648,4592,627,0,10389,4803,184821,5007,28
07/06/2020,5209,0,13459,5636,113215,6747,5945,3238,1657,33741,9768,595,733,2201,21134,4870,2990,10658,4663,11191,1618,10937,16979,12544,5678,4547,7236,2820,1812,3784,2200,14569,2766,54328,15008,1219,0,12650,434,3520,8624,669,2962,9048,300,8452,30272,4534,329,59,9362,17749,188981,5292,41
07/07/2020,6250,7667,10932,5867,103017,6571,7313,1506,2727,35254,20499,362,615,2049,26994,3483,3836,0,9502,33953,1356,9879,19712,17148,5554,957,8603,2401,1333,5065,1698,10924,5186,56736,19444,1926,0,15073,23867,4185,16778,129,2887,5434,1062,16581,57558,7007,760,69,10798,17656,189847,12634,2421
07/08/2020,6912,1981,12212,2876,99805,6190,8177,349,3912,51013,20957,229,1423,2751,32742,5782,7053,6263,5987,18139,2032,11934,19505,23492,7723,674,6992,1094,1975,7107,1893,17715,5002,57585,25392,3509,2547,18767,5805,4361,16424,31,3513,8549,861,29760,37421,2911,643,96,12900,15397,193915,10783,29
07/09/2020,0,2343,11931,11389,82259,7131,12439,1171,1634,37191,19013,392,2056,3282,36180,6435,8308,0,8055,14403,2820,15119,17740,23550,12470,8485,12485,2344,2787,6125,2022,21569,4445,65564,25129,5806,0,1150,6931,5808,13497,63197,3477,9925,1084,21755,54504,2973,993,119,16721,12499,197189,13204,1227
07/10/2020,23846,6187,16110,0,97303,9332,19,2503,4961,64229,26926,334,1443,3432,32997,8270,7589,9297,8651,25108,2648,13298,18260,23252,20385,5508,0,3413,3179,5713,2607,23741,6194,73558,28801,5338,0,43151,9320,4695,18617,275,3747,11470,1232,21861,76577,7241,1349,112,13457,14227,201203,12746,822
07/11/2020,9767,1445,14765,4988,99958,11375,-73,1407,3166,53672,18525,113,1639,4250,32345,7584,6113,0,5178,19199,1484,12129,10216,27317,16270,4031,19725,1181,2840,5742,2727,38126,7700,69203,25446,4058,0,23482,8742,5413,13683,229,4507,12855,1064,12539,39835,9378,934,181,16539,10343,203823,12074,49
07/12/2020,9460,2099,12170,12753,130904,9050,31006,3294,2833,98708,18543,0,1686,2891,38894,6501,6052,0,0,10548,2424,21140,7040,22033,12957,868,10958,1302,4249,6323,3510,24320,7173,62418,23517,4311,2,23351,456,3989,11961,288,2934,4418,1002,10901,63130,7706,819,282,16007,5382,207036,7645,23
07/13/2020,8000,1115,6240,0,137766,9327,2586,1954,3337,65567,24551,363,1250,1862,30012,5762,2303,13396,3968,18431,1648,11067,20035,17272,13937,8204,10269,4034,3556,5637,2269,14781,7603,51687,20911,4285,0,18365,510,4540,7190,356,1804,14593,770,35946,47371,5277,730,201,12538,18560,208225,6632,42
07/14/2020,9448,2883,19488,7103,130590,8154,12143,2237,3696,45669,23067,195,900,3147,28446,8000,3692,0,13626,23029,1513,15415,20900,20359,8625,6798,9326,2701,4576,6987,1628,20846,5998,60045,34360,2382,-70,18998,20512,4744,15809,113,3222,10380,786,17927,58555,6186,1043,0,14041,17913,214012,14683,47
07/15/2020,11932,6620,13993,5707,118321,7297,11535,1788,4028,50710,23949,290,1487,3602,38161,8180,6904,8199,3565,24745,2456,21535,20921,34133,12883,6644,12844,2362,3508,4245,2870,21116,5651,63598,29791,2953,3,18874,6031,6330,21366,256,3313,8502,1379,25785,43519,7559,734,590,13864,16850,217904,13952,2886
07/16/2020,9972,6929,13307,4932,122232,8614,14425,1482,2298,79665,23239,184,1830,2913,43006,8969,9139,0,8792,22937,2531,16891,17586,27235,14715,7043,11354,4082,3486,6418,3258,17557,6999,72685,28120,3971,0,26170,9492,7160,14992,195,4232,13981,493,26024,57656,7448,682,405,13565,15411,219174,14313,538
07/17/2020,11956,2392,15664,6705,128591,10938,25,3740,1365,65150,20456,241,1817,3426,43735,9077,6002,9979,15025,19803,2983,24171,17990,30352,14299,7564,8595,2564,2967,6164,3498,9024,6363,78239,31217,4021,1,27331,8227,5249,15749,546,3774,13411,1937,26975,67466,8278,326,768,12395,16397,222552,13456,544
07/18/2020,11306,2949,7836,6156,123119,8941,-139,2147,3348,51220,33128,1,1791,2155,46099,9820,1276,0,7081,0,1484,18053,10959,30572,16451,5821,12980,1475,4955,5530,2205,12522,8930,69817,35169,4622,0,22312,10687,6598,13337,333,4259,8618,1274,22980,75364,8434,1080,469,16938,9687,225511,12477,39
07/19/2020,10946,4647,13988,6166,119634,9049,27162,2238,2810,70653,23513,0,1640,3667,32113,12425,11762,0,2513,25364,2508,28899,7616,28381,17226,792,8203,1280,1250,7251,3147,9687,8366,46204,15721,5412,0,24478,209,4797,14652,610,3213,15393,840,23645,89679,6582,2054,362,12739,5211,230988,8108,18
07/20/2020,8221,2576,7544,13645,127469,9246,5665,0,3975,49465,18462,318,1321,1691,34598,8780,3053,12178,1410,33620,1785,14755,17430,22330,14222,11898,12833,5883,2495,5633,3001,11737,8551,49342,29024,5509,391,18998,168,4454,12534,398,2647,10930,567,17870,52190,6582,1368,37,7498,17727,234980,7016,61
07/21/2020,6490,3040,14143,6819,122611,12383,41,5352,3971,47644,21510,186,827,3148,29745,9145,3889,0,14481,20038,3021,20550,19710,22586,9449,5223,8408,1960,3545,3401,1830,15081,7282,66169,35109,3573,1,18111,22275,5219,15850,479,2662,10377,1191,23066,59020,6039,1079,240,19647,17057,240326,14532,51
07/22/2020,8990,6707,6315,0,127487,8863,11569,1086,3861,54961,21553,325,1399,2867,39633,9608,4003,7155,10322,29939,2775,21021,18328,30238,11692,7832,9140,2516,4180,5486,2206,22974,5034,67659,32823,4035,1652,21572,7215,7531,15714,98,4328,10467,1213,25595,60574,5959,795,305,14026,15767,242387,14815,50
07/23/2020,9923,4176,8732,5832,113885,11389,13482,2918,2449,56231,20094,382,631,2816,39706,11870,9850,0,5659,21967,2657,16044,20211,27111,16764,982,13824,2700,2952,9828,3670,18709,7803,69698,31855,4212,-1407,23431,7577,5697,14140,50641,3895,9314,1478,32157,60508,4020,840,370,17971,14453,251072,15298,3955
07/24/2020,9333,11063,14104,15997,137572,9180,25184,1975,3239,65694,45506,5,2478,3338,44397,12466,5587,9281,8630,24858,2945,24220,17274,27922,17561,7468,9331,2982,3501,7735,4224,28006,7651,76507,26622,4305,0,22602,9867,8076,19331,494,4166,10898,954,26628,67275,8649,1110,0,18043,15175,253173,17496,58
07/25/2020,12451,4494,20792,0,131479,13339,0,2596,3749,59741,25396,563,1499,3221,38200,11525,4390,0,8049,0,2753,34874,11377,0,17820,10406,7106,1815,3531,8650,3047,513,8192,71466,28745,4011,1,26194,42667,7443,18382,573,5825,9118,2423,9761,74111,6068,1124,417,20126,9569,256914,14236,41
07/26/2020,7948,2198,9494,15803,120784,16281,0,3071,2589,50126,21105,0,1262,2748,40844,11037,4336,0,0,33538,1945,22041,7350,56098,16678,1207,7230,1300,2859,8401,2134,65132,7248,53568,34343,4524,1,32609,1204,4465,12871,603,4371,9323,1013,50478,63933,5212,993,99,17752,4944,261726,9986,29
07/27/2020,8230,0,11230,7624,128439,11224,31979,3066,2550,44994,24018,449,63,1771,30567,6480,4246,969,5849,26758,2123,23395,22023,29745,13352,4504,14953,6340,3363,5757,2375,30552,8293,57270,22091,4241,419,17667,1401,4091,14487,288,3001,11088,-99,28600,58907,4507,808,45,10944,17296,266033,6957,45
07/28/2020,7369,6611,12598,5015,121288,3393,7637,1564,3874,48802,34363,311,2272,2685,28331,9018,2590,0,10185,16282,1659,23944,25590,27393,9262,5536,11020,2753,2276,6207,2964,463,8172,57397,28064,4001,0,54635,20812,5090,18472,409,4037,11429,664,25059,48044,4651,1244,273,20138,16103,269844,14445,2437
07/29/2020,2723,9789,10498,5699,99600,17337,13088,2393,2027,46466,25138,537,1172,2304,38187,7429,5277,6013,10544,18827,2977,15747,22042,65351,13103,10171,7975,3947,2930,6499,2697,58378,7963,62276,27894,3299,0,22104,17387,6499,14921,221,3724,10660,2223,19728,62442,3682,600,134,17315,15276,274127,14748,1232
07/30/2020,11776,1393,11837,7112,116374,11940,12952,1847,2941,52352,28925,213,1653,2451,41134,11610,6386,0,10849,22259,2730,25689,22921,19945,14791,6577,14234,3261,2860,6260,3142,16882,7758,73546,33490,3864,2,25635,8503,4484,15856,511,4899,10401,631,24573,70106,6176,823,0,18152,14588,277481,17302,629
07/31/2020,9181,8049,20477,0,177201,10578,15268,2184,5751,48971,33298,340,2156,3541,49821,11535,5314,7558,8440,24853,2360,28632,21526,31269,17034,4624,11640,1354,4063,6258,2534,36765,7026,68869,32178,5031,0,21862,10562,5554,16935,209,4031,1444,1290,32593,60278,4543,1084,377,15745,14816,283988,15402,658
08/01/2020,7780,5527,14907,11864,75546,12542,0,1849,5040,51355,21398,170,1883,2731,39809,11223,4558,0,8797,0,2579,31004,11055,32383,15401,6968,9972,1583,4303,4317,3007,369,6375,82737,29310,5815,0,24569,11614,5423,15450,1091,5176,19034,1297,29448,78027,4350,1024,108,16567,8996,287224,14920,43
08/02/2020,8635,4457,7778,0,149388,12589,0,2015,3411,41554,28555,0,3390,2419,38945,10437,5148,0,0,37197,2328,23785,8178,25011,14645,672,5722,2742,1984,7899,3640,49180,7874,58961,27098,3828,3,24643,494,4041,12247,539,3974,10388,1021,19445,0,3456,1289,0,12641,4787,291212,9653,39
08/03/2020,7880,2717,7990,12819,148721,10606,35186,2748,1623,31801,21761,521,638,1026,28475,6439,2357,9332,3535,14470,2071,24484,26960,24982,15963,572,10481,5213,3863,2747,3110,18702,8367,51839,23900,4558,537,17997,377,3474,12000,380,2733,9418,695,12235,86807,3466,557,147,15036,17534,295046,7180,1499
08/04/2020,8172,6842,6826,6499,121017,7361,7089,1649,1312,31660,18011,350,3433,2415,42598,9536,3896,0,7488,55947,1616,16377,24389,27592,7770,1074,8575,1728,2753,4221,2806,356,3557,70993,16616,4685,0,20269,19213,2783,14960,533,4964,8782,733,18117,50262,4774,1563,339,12911,16374,298439,18180,363
08/05/2020,5093,4630,13088,0,103687,5105,11838,1392,2698,30426,30812,512,1814,4045,46668,7207,6057,6879,12897,20010,2484,21762,25338,26057,11608,14031,9051,1888,3246,2030,2415,22082,13015,72668,19642,5431,0,18801,7454,6888,13196,327,3514,8165,993,19395,23387,5366,189,328,11665,15068,302594,17078,471
08/06/2020,12012,4293,10293,5202,91063,27618,8989,2003,3158,42479,29538,442,2383,2634,41686,12120,6692,0,11543,15105,2671,16699,23143,26106,14791,4719,11737,2691,3076,9078,2503,43227,6583,72370,31082,5178,0,23426,9923,5460,15526,283,5482,7523,1200,23146,36245,5069,1062,272,15124,14589,307409,17742,394
08/07/2020,9348,7279,8958,12422,96419,11829,7535,2081,2742,39576,28367,485,375,4063,46888,12759,5580,7794,9497,20030,2806,28583,21888,30017,16205,4671,10429,1941,3721,6803,3013,22547,6974,70170,35062,5497,0,25056,11162,5431,16648,752,4780,11816,1153,26841,56052,3709,910,124,13700,15015,312677,14140,517
08/08/2020,0,4742,11635,0,110645,13197,0,1110,4609,48933,44837,167,3962,4240,48016,11362,4847,0,6354,0,2679,20807,12031,38526,17296,6378,0,1090,3636,6021,3075,0,8472,74857,29954,5577,0,21398,7750,374,16158,738,4227,10114,1260,23454,12125,7255,841,120,14161,9342,317920,13182,13
08/09/2020,12910,4326,6015,12308,118592,11352,0,2225,4608,39791,37082,0,2698,1832,41354,12659,5263,0,0,35569,2585,40672,7683,26211,20544,527,0,1100,2136,4585,2411,49060,7274,65812,16782,5438,0,24055,486,8970,14153,697,3399,7909,910,27634,13207,4258,888,260,21174,4990,323072,7419,37
08/10/2020,18085,2424,5655,5489,172234,10717,38324,2553,2449,28194,26914,547,152,1639,32353,10986,2577,10157,9307,7362,1920,29532,14941,21257,12979,476,17178,3459,2961,4588,2942,22194,7499,54002,15371,4463,0,19096,397,3695,13073,700,1557,5646,580,14787,47797,3947,662,25,17266,18954,327044,8181,1007
08/11/2020,2827,10401,9012,3548,187926,8537,8342,1528,4358,35418,33523,540,3740,1902,41362,9544,2533,0,10447,20631,1547,17145,3418,23965,5817,9811,17302,1007,3097,2557,2078,26264,5370,77059,15579,5454,0,20126,19787,6356,15311,582,4142,4721,932,12877,15202,3989,604,159,9907,15951,330609,13642,1170
08/12/2020,12022,1838,6938,0,117188,7146,7984,0,1992,38304,21257,620,4397,3769,42098,5339,4228,7894,6304,30045,6665,18015,28,35287,10353,3410,11361,1624,2730,2786,2592,25706,7340,87776,-194215,4118,0,20610,7872,5454,17512,671,3975,3738,1219,18908,17497,2660,1116,354,15897,16612,335239,9977,479
08/13/2020,6715,1471,13932,10612,142026,7640,8052,3428,2908,34539,25868,444,354,2299,46006,10976,6665,0,12725,17371,3166,29842,39483,40545,15271,612,12776,1784,1182,5609,4431,27674,4486,87900,27406,6758,0,24927,9165,4721,17888,372,4154,5939,1142,28029,124403,3447,834,233,18500,15117,339515,12440,240
08/14/2020,22370,1876,9376,5180,111105,12228,10355,1847,6656,38447,27443,416,3030,3575,49573,8519,5424,8480,12939,21032,2759,24140,32001,38765,16257,2616,13512,2041,4580,5060,3452,26151,5668,85455,26713,5241,1,26102,11970,5844,16695,682,4530,45756,1244,24322,51278,5161,1510,349,14128,14510,344700,10477,421
08/15/2020,11923,748,9602,0,124513,11505,0,1286,2911,42160,18013,0,2649,2751,44414,11126,5837,0,11254,0,2311,33600,33267,30628,17102,8723,10572,1075,3459,4646,3409,31542,8551,88668,25999,6266,0,22941,11175,11772,15995,567,4582,8616,1435,17715,39635,5084,2880,118,16901,8836,350244,11372,44
08/16/2020,9276,4838,14751,33390,117024,10939,0,1624,3636,29903,17207,677,3033,2182,37089,9236,5119,0,0,21075,2869,25571,22176,29271,17290,381,10177,988,3193,4613,2098,28803,6249,77692,21245,5415,0,27295,544,3918,13179,311,3662,7201,1325,27582,117365,3626,1038,54,16522,4951,355339,6113,59
08/17/2020,6444,4133,6398,0,135645,13317,44278,2253,2803,20248,22144,1000,2649,1262,38246,7782,2791,11219,4786,16202,2331,34401,21416,19157,12353,4443,12999,2801,2115,3960,2123,20884,5282,56891,10826,2603,618,19371,369,2420,10456,754,2028,5946,519,13768,37126,3268,1888,247,19577,16187,360839,5976,803
08/18/2020,15199,4361,5596,10602,115259,8201,10763,1207,3823,26164,32902,453,2251,2350,34175,13981,3114,0,9956,15702,1772,16059,16626,22318,6836,795,8864,787,2496,2505,1624,21675,6577,66891,15648,1784,0,19982,19670,5121,12247,953,5186,4934,720,23264,24478,4721,874,246,16795,15101,365725,10066,1543
08/19/2020,16939,840,7231,8628,91644,6607,9689,1024,2181,27199,15378,524,1914,2210,50299,5419,5224,5578,3837,14983,2916,13829,28401,32663,34867,1348,7314,1021,2891,2598,2317,24967,5903,80425,26974,4685,0,19472,7740,4818,14901,221,3936,5647,1034,34582,16544,3846,-200,681,16639,14827,369724,9476,653
08/20/2020,11161,1798,7173,7229,87283,7348,12420,2087,2326,29513,21138,942,2559,1977,51612,11438,5869,0,8825,14060,2943,18041,34144,30514,13956,894,11079,1027,2030,4437,2936,27495,5442,80984,25213,7454,1,22889,8154,5211,18544,209,4447,8672,1061,23149,29880,5442,1562,197,15864,12825,377713,9900,1080
08/21/2020,0,8888,9523,10082,101406,11486,7530,1052,5073,31460,23267,824,0,2594,51821,12961,4948,6475,8703,19773,3680,29386,41809,0,18630,2176,10232,1067,3359,5348,0,30485,6329,98880,27578,6527,0,25536,10008,4954,14131,703,10403,10381,1667,29135,32957,3593,1539,285,18943,12396,384319,10592,663
08/22/2020,19503,4752,16137,0,106980,12233,0,1868,3382,34635,29068,0,4878,2056,56766,11214,5216,0,0,0,3886,28558,13658,33337,16745,3820,8588,1089,2815,3815,8840,33048,10131,94849,21233,6623,0,23733,11032,5143,13411,731,9695,8951,1855,26522,60834,2966,1606,491,16393,7269,391858,8725,19
08/23/2020,5387,1153,6730,12235,104679,11226,0,1969,3606,26786,22714,1075,2634,1400,54351,8156,3621,0,0,25031,3950,21141,0,74433,16941,626,10139,1033,1779,4103,2466,258,207,74043,26354,4402,0,23261,566,3356,12467,319,5490,-19796,1130,37433,27168,2473,1439,0,12362,2503,396193,4840,36
08/24/2020,-339,3063,6342,2878,111456,8444,55346,1656,3355,18523,33297,880,2640,1292,36155,24236,2122,20642,18788,8643,3155,22047,58462,21422,11977,8414,4879,22924,1239,2448,3183,27814,14138,62031,9223,2396,0,20311,357,3517,9818,722,3508,4141,703,14161,2847,1518,1347,124,13084,1014,398654,4887,1130
08/25/2020,4625,3328,4973,0,110019,9049,4990,1827,2221,19368,25669,931,2026,1467,40859,8943,3645,0,7896,21581,2518,12870,34873,24281,8473,4599,4366,2834,881,2605,2794,21083,4501,67255,14664,3087,0,23674,17974,4672,12367,102,5713,9630,270,15258,53684,4245,688,169,15897,0,403570,10036,4506
08/26/2020,15568,973,4693,9569,70251,7996,15329,1767,2126,26294,18051,952,2307,4705,50362,11556,6065,8140,7772,14806,4622,12377,36478,41177,11021,4529,8062,1753,4279,1873,3576,23689,4826,71189,18642,4260,0,20032,6553,4729,12973,24,5643,3972,312,27509,40081,6730,763,354,7507,54,409605,10396,50
08/27/2020,12023,1416,7998,6755,85658,7113,15461,964,2956,24546,19936,1002,2518,1728,44510,12209,7835,0,9350,10036,3931,21475,52284,30479,21340,4848,10883,2399,3815,3077,4243,27252,5593,83437,31724,6614,619,68383,8465,5978,14743,639,10549,7940,3238,26108,29274,5432,1990,231,0,11205,413809,10825,3954
08/28/2020,7821,3318,9104,8027,92222,10236,14010,2982,4845,30313,18147,570,2478,2459,48668,9303,5516,8050,11628,10275,5246,27502,44126,33043,15997,6244,11610,2216,3844,4319,3959,358,6146,97826,30166,7514,0,24766,9931,5151,17905,605,9329,8490,1657,27275,48448,4984,1924,183,36769,16855,419581,9177,704
08/29/2020,10812,6157,8271,8915,98993,12632,0,1843,4207,27534,25195,534,2757,1848,48784,11744,5420,0,10885,0,4185,25483,48917,0,17037,5635,10693,2506,2799,3970,2793,58553,6911,93873,35258,7678,2,30071,8118,4983,16116,562,10238,9114,1566,21501,58610,2815,3425,453,16197,15607,426257,8795,21
08/30/2020,5070,1144,7060,5717,122199,9329,0,1777,2333,24397,15311,0,3025,3268,43693,9563,4516,0,0,40272,4303,25105,32895,60920,18051,647,8911,1280,2727,3164,3711,28587,5245,100022,25124,3551,-2,25734,667,4495,12461,298,5336,7250,1145,12005,23740,4947,3095,274,12707,37583,431122,5132,36
08/31/2020,4098,1791,4970,14348,141476,7851,45590,2188,2593,15931,16144,424,2784,1680,47379,11591,3777,10102,5547,4039,3274,19331,31862,19637,11294,4701,8718,3577,3406,2236,2520,21584,4411,66241,12899,1781,0,47244,713,3883,8817,351,3936,6675,878,11989,36841,4348,2446,128,13097,0,436047,3820,980
09/01/2020,-26943,25625,4558,3990,97391,7168,19242,1574,2162,60327,24864,438,1463,1646,22961,6818,2675,0,8924,17036,5800,13655,43915,24976,9193,3652,8289,2058,1724,2428,1021,1130,3941,76997,39526,2396,1,25565,21634,4572,16544,222,6074,4854,1066,16752,72001,4666,2725,153,12077,11891,438441,11899,294
09/02/2020,4776,2629,4921,6424,109674,4672,11641,2107,1953,17936,13139,449,4004,1349,32751,8831,6107,5998,6657,14253,4297,12430,30141,27409,26636,4069,6853,1577,2566,1959,0,43219,4525,88447,19612,5525,0,23079,6330,4582,12932,582,5651,4630,1330,20480,35308,3904,650,99,11922,6794,441585,8409,243
09/03/2020,1076,1052,8912,0,83554,6855,14237,4018,3962,23894,29028,719,5245,2266,40795,10442,5104,0,6988,12320,8021,24960,82387,32635,14552,4995,9981,1787,3324,2960,8287,27748,5560,88981,32527,6312,0,26780,9804,4743,14518,195,11454,10393,1612,26772,38641,5234,1785,307,13763,16314,445094,9191,691
09/04/2020,4019,4001,14053,9868,133046,8294,19442,2094,4592,22311,21460,622,6291,2326,149499,14389,7577,7958,7904,15545,5550,29433,39443,28530,18724,823,13652,4328,4627,3547,4582,34707,5837,93395,41259,6370,0,30057,11349,5804,12327,43,9929,12559,1756,18231,12250,6057,1317,147,15255,21736,448911,11746,800
09/05/2020,7188,3065,15839,18094,119353,10961,0,1990,4513,23800,28604,629,7669,1894,61935,11651,6176,0,19233,0,5372,28192,60150,41021,18635,9995,16571,1062,1932,4189,4078,325,5248,99761,21775,7031,1,28325,8878,3178,13165,251,13407,11943,1614,27090,64195,4249,890,271,17712,16001,453481,8074,17
09/06/2020,6312,2055,6240,0,130868,10332,0,2151,3646,20963,18839,0,8405,1511,46496,9790,4426,0,0,26600,4879,16723,44050,0,17173,410,7542,976,1304,6478,4465,37260,5767,85630,32079,4462,0,26325,420,5318,10909,41,6234,7298,1194,20875,98631,4770,975,114,12455,16387,458378,5506,26
09/07/2020,3687,1564,4369,6499,111101,8473,0,1819,2205,16914,9273,0,5107,1009,28975,7704,2909,9481,-2717,4985,3178,22370,23641,43676,14979,242,8542,5099,633,3160,3542,52221,4025,58865,16632,2082,0,21779,613,2741,9626,842,4011,8485,992,13582,38420,3008,1930,95,11971,12576,461765,5474,0
09/08/2020,4172,3035,3203,11084,109656,10049,49229,1368,2883,15189,22985,671,2109,1039,31363,4291,3131,0,1347,4125,2674,12953,30231,17406,7120,8410,6845,1655,839,1410,2110,16218,3411,57826,10395,1374,1,23531,833,3333,6835,129,1438,4441,593,6210,18127,3604,789,24,7602,0,462760,4115,3125
09/09/2020,5894,281,2578,0,75849,4373,5960,0,1062,14375,15953,683,905,1254,48029,7155,2598,4728,7440,31608,7019,9911,40201,23193,4436,3177,9679,2370,7049,822,0,20403,4426,63230,20136,3027,0,21019,28397,2578,11854,3,15705,3168,1203,16511,33006,3194,388,0,10155,20850,463930,8927,3366
09/10/2020,6878,1140,3502,13185,46194,5297,16613,2728,1528,19011,14815,523,1486,1546,48982,6123,6294,0,6005,10557,4184,18551,53965,33171,25787,3600,13015,2203,4969,2445,5788,22505,3428,76813,31726,6155,832,19787,8174,2911,14296,772,8589,15140,1361,25538,33125,5225,136,421,16353,14084,467790,8867,464
09/11/2020,4876,1509,6670,0,61669,7923,21524,0,2248,26497,15725,395,7211,1600,56828,18963,5728,7516,16048,27234,6099,22614,52803,36338,18367,5141,12648,1305,3494,5963,3677,27132,3898,89722,36815,5474,0,28862,13041,8751,13687,302,8777,12017,1713,27339,48784,4041,1269,185,17554,16761,471791,10029,1056
09/12/2020,5230,5043,9281,24175,105307,10786,0,2887,6001,24924,25938,350,3559,1746,56594,23876,5293,0,29377,0,4995,33303,63370,37824,19192,4160,16801,4070,3542,4620,4046,449,5051,102925,22478,9022,1,47798,14084,4365,12892,511,12408,10396,1646,22355,65600,4422,1086,173,15910,16414,478876,11701,33
09/13/2020,6681,1584,9313,545,133049,13587,0,1711,3204,22250,17945,0,5360,1479,46890,32004,4555,0,0,28977,5165,23517,37435,0,22994,254,15327,1396,3330,4173,3257,27295,5220,72668,34976,8150,0,26819,695,2516,76,288,5419,16991,1347,13415,30498,4644,1012,120,16076,13423,483764,7777,49
09/14/2020,4164,2200,4527,6190,116173,12609,49004,1208,1507,17078,13045,531,4132,1473,35930,8309,3191,9451,66268,12569,3609,19197,32467,51477,17265,3013,16507,5746,3281,2796,4444,21440,5875,63358,18711,3965,1,29426,869,2184,21791,370,2208,16610,1183,36702,-336892,4809,805,8,13062,9382,488015,3967,2569
09/15/2020,5232,3711,9651,43795,121981,10485,10783,1655,4132,27839,13843,435,2376,1528,39031,7438,2976,0,9691,12659,2712,19011,37187,25534,8513,505,10545,3498,2710,1665,3001,22341,3474,73678,17621,1667,0,36275,26109,3260,11826,422,6849,-13736,957,22578,34295,3930,114,194,12395,11748,490646,12359,739
09/16/2020,7584,1440,15957,-26195,72352,9275,3634,1746,1961,15176,25031,522,1101,1411,52311,7161,5499,5845,21151,23226,5698,26599,55902,30840,10319,6420,8631,3033,2286,2997,3158,22661,5376,75087,30944,5021,0,29949,11088,3209,13623,112,11536,6185,3559,27807,52078,4119,472,127,14298,10987,493883,12290,224
09/17/2020,4046,7299,23844,10632,79515,9912,13868,1263,3077,26950,25770,402,2492,1647,57800,7758,6327,0,10750,9006,9191,27343,67849,33270,20124,701,14198,2898,3890,3050,0,30846,5405,91504,30791,6402,1,28853,12241,4151,14077,583,11823,6665,1868,21643,45556,5447,1131,107,22161,14345,498283,11545,1483
09/18/2020,7757,2430,8038,11114,97149,13057,13875,1470,5800,27288,22061,400,3829,2096,62021,11788,6593,10523,13030,22796,13046,24644,65310,33299,27945,0,11799,3256,3724,4018,9615,26098,7767,89727,34845,9699,0,34772,14380,3998,12290,817,9182,23817,2181,38463,99625,8559,904,175,9611,13623,503133,13114,855
09/19/2020,9412,4557,10752,0,166700,14919,0,1073,3759,30293,33437,305,10436,2615,74286,11177,5744,0,2763,0,6763,37131,72419,33439,24094,69454,12244,2285,3420,4085,0,461,5796,110444,22000,6538,0,35590,17284,4488,14637,1309,4746,11861,1517,23745,118375,8213,701,0,35043,0,509486,12592,33
09/20/2020,5595,4075,10701,17549,179272,13550,0,1710,4267,26535,15433,0,109,1693,48011,9325,4504,0,0,32013,2951,28886,62220,0,22618,277,9884,1973,3365,4498,8523,60414,6493,100355,33798,5737,6,36602,1003,2159,12785,845,8291,9330,1132,40039,30312,6215,1095,358,15362,18370,514304,8390,91
09/21/2020,5500,1720,7020,7540,149624,13046,45618,1792,2600,18171,20041,396,1569,2333,38234,6705,3316,9942,10488,6793,1254,17349,36649,52198,16916,3743,7051,8449,2456,1608,5644,392,5443,58319,12721,3244,1,30864,1101,2729,9083,638,2136,11523,670,12280,29010,3886,844,0,16609,13516,519516,6821,1700
09/22/2020,6036,2546,9791,6473,131273,10712,12058,1624,3889,19082,12564,474,1162,1748,41829,6795,3487,0,9983,21182,40,14449,40518,20211,8386,5595,22190,2747,2230,2282,3133,44466,3784,83997,7390,2697,0,32626,28234,3783,11569,120,6527,28366,1323,11998,45234,6908,602,152,12943,4343,522669,12604,709
09/23/2020,5350,2007,9084,8950,75368,13151,10074,1207,1815,23638,19788,423,1489,1248,46391,7379,6771,7590,148313,13035,10603,19158,80869,34229,10173,4210,2814,3151,3056,2850,2925,25098,5648,70930,17498,6939,460,42412,12487,3544,13394,64,9770,18100,1786,21939,72942,6899,-78,154,11026,0,525580,13586,153
09/24/2020,7277,0,10489,10466,73434,13457,15575,1872,4419,23519,21601,436,2716,1904,62071,8789,6727,0,9606,17525,13931,23702,85168,37717,21435,5048,14968,4358,3267,3564,4298,29057,6075,92953,27764,6625,0,24516,12600,4373,13911,1182,10469,16522,1529,16045,120159,9117,926,206,30359,2397,529025,13365,1647
09/25/2020,19415,8134,7612,8881,99390,15116,13678,1458,5719,26495,22678,569,90,2349,70084,9854,6401,10489,18243,18531,6428,29092,64012,39488,28718,4627,13634,4598,2935,5848,0,26907,6967,94818,37426,5460,0,39878,13738,12408,13733,1063,10422,19361,2286,33457,52616,10242,1090,148,20534,39983,535394,15204,1186
09/26/2020,7337,1537,10624,7601,130483,16752,0,1025,4393,29013,24861,463,3112,2240,65217,8928,5917,0,30060,0,25,31639,73292,40745,30695,4327,16004,3169,3341,4342,4902,33857,8116,99953,40186,7064,0,38394,18321,5765,14924,508,14494,16330,2187,27034,81364,9862,997,0,19845,17742,542291,12669,45
09/27/2020,6307,0,9096,6732,150768,18042,0,1625,3180,18434,13914,0,1690,2554,50822,8470,3725,0,0,27084,14777,30047,101826,0,26385,182,8937,1022,4484,3278,9805,698,6448,84770,30925,5439,1,37200,0,2819,15696,891,9185,9741,1370,42657,22094,6170,714,188,9785,19602,549723,8053,168
09/28/2020,5107,1922,5389,57071,151354,17748,52055,1791,1889,8231,12229,492,1905,2046,41142,7434,693,11139,18452,6469,2200,17902,49373,50933,22015,4997,4852,6889,3232,3717,0,53038,5392,52936,25805,3855,0,34989,1684,3539,11097,1118,2008,21390,840,14806,154848,6212,935,0,24039,16583,553270,7898,2077
09/29/2020,3366,6265,4816,10207,128693,13239,10386,1673,3348,28444,12335,516,2852,1639,45624,5061,3072,0,69789,18139,4658,15083,57005,24094,14235,589,76,2730,4196,3047,6576,456,4176,88231,15053,4463,0,35201,31734,4354,12258,1045,7072,26486,802,13139,29071,4403,822,213,12342,11257,558313,10844,427
09/30/2020,12327,6151,4047,21812,91657,14538,12401,1074,1464,11068,22846,387,87,1815,58546,8495,6479,7541,13058,10847,7046,17223,62393,29778,12817,552,1351,3232,3081,2376,6503,46272,5481,97960,15285,5102,336,24558,11625,6490,13519,288,9594,8684,1623,23875,36331,8106,-20,188,10478,5936,561568,11932,617
10/01/2020,6693,5116,13793,12899,66649,15979,10387,1655,2320,24651,20713,434,1962,2450,65615,7881,6076,0,23775,16141,7291,23985,74487,35719,25721,696,11033,5551,3904,3461,5339,614,6023,109218,28790,5844,0,74262,11413,6072,11668,312,16378,7356,4234,18376,45172,6248,1117,210,24248,13690,566588,14474,135
10/02/2020,6869,6967,7136,11644,96580,19761,72030,2066,3938,25686,15621,570,1817,2181,72941,10791,5049,9667,22758,22704,6899,30902,74914,40167,31075,672,10771,4653,4722,5078,5055,58481,7380,119493,36043,7119,3,31551,14719,5348,16493,680,10814,21598,1258,16282,86413,9365,1015,240,20125,15985,576499,13675,1983
10/03/2020,10444,3966,9641,10478,130457,19426,0,2175,3431,24938,31368,638,1754,3105,71634,9953,5317,0,12004,0,18,28066,65768,40526,29075,609,13367,1421,5704,3575,5180,947,7012,134267,36562,5849,0,47027,17662,4610,0,628,12937,1706,1758,17948,104197,7097,927,0,19517,21685,582705,14246,151
10/04/2020,6473,3562,7986,7605,161399,17990,0,1631,2276,20415,17237,0,1936,1928,51656,9588,4258,0,0,26221,33,26364,68715,0,30373,321,11189,2630,3385,3179,0,61020,6111,110329,24702,6021,0,37900,569,3533,28915,300,8801,38328,1756,33426,64946,8214,734,228,0,17197,590079,10876,139
