0,0,0,0,0,0,0,0,0,0,0,0,0,0,0,0,0,0,0,0,0,0,0,0,0,0,0,0,0,0,0,0,0,0,0,0,0,0,0,0,0,0,0,0,0,0,0,0,0,0,0,0.0436545317762551,0,0,0
0,0,0,0,0,0,0,0,0,0,0,0,0,0,0,0,0,0,0,0,0,0,0,0,0,0,0,0,0,0,0,0,0,0,0,0,0,0,0,0,0,0,0,0,0,0,0,0,0,0,0,0.153843618090905,0,0,0
0,0,0,0,0,0,0,0,0,0,0,0,0,0,0,0,0,0,0,0,0,0,0,0,0,0,0,0,0,0,0,0,0,0,0,0,0,0,0,0,0,0,0,0,0,0,0,0,0,0,0,0.377688597841518,0,0,0
0,0,0,0,0,0,0,0,0,0,0,0,0,0,6.94830709578627,0,0,0,0,0,0,0,0,0,0,0,0,0,0,0,0,0,0,0,0,0,0,0,0,0,0,0,0,0,0,0,0,0,0,0,0,0.72099310040788,0,0,0
0,0,0,0,6.84518641769216e-09,0,0,0,0,0,0,0,0,0,7.78944694534594,0,0,0,0,0,0,0,0,0,0,0,0,0,0,0,0,0,0,0,0,0,0,0,0,0,0,0,0,0,0,0,0,0,0,0,0,1.19203494135165,0,0,0
0,0,0.0369574477408279,0,0.105839674498311,0,0,0,0,0,0,0,0,0,9.45506754401578,0,0,0,0,0,0,0,0,0,0,0,0,0,0,0,0,0,0,0,0,0,0,0,0,0,0,0,0,0,0,0,0,0,0,0,0,1.80157797135903,0,0,0
0,0,0.146768766225617,0,0.322057296442829,0,0,0,0,0,0,0,0,0,11.9398087848162,0,0,0,0,0,0,0,0,0,0,0,0,0,0,0,0,0,0,0,0,0,0,0,0,0,0,0,0,0,0,0,0,0,0,0,0,2.56341282961598,0,0,0
0,0,0.367578923314299,0,0.655637093820754,0,0,0,0,0,0,0,0,0,15.2491616761663,0,0,0,0,0,0,0,0,0,0,0,0,0,0,0,0,0,0,0,0,0,0,0,0,0,0,0,0,0,0,0,0,0,0,0,0,3.49456726043236,0,0,0
0,0,0.702466173516381,0,1.11620827884662,0,0,0,0,0,0,0,0,0,19.396659265534,0,0,0,0,0,0,0,0,0,0,0,0,0,0,0,0,0,0,0,0,0,0,0,0,0,0,0,0,0,0,0,0,0,0,0,0,4.60355787136734,0,0,0
0,0,1.15643839077724,0,1.71618657863009,0,0,0,0,0,0,0,0,0,24.4077323948473,0,0,0,0,0,0,0,0,0,0,0,0,0,0,0,0,0,0,0,0,0,0,0,0,0,0,0,0,0,0,0,0,0,0,0,0,5.91175300823319,0,0,0
0,0,1.73632179937031,0,2.47131010198742,0,0,0,0,0,0,0,0,0,30.3181826666597,0,0,0,0,0,0,0,0,0,0,0,0,0,0,0,0,0,0,0,0,0,0,0,0,0,0,0,0,0,0,0,0,0,0,0,0,7.44467996987746,0,0,0
0,0,2.45115587145285,0,3.40098724198302,0,0,0,0,0,0,0,0,0,37.1735512690454,0,0,0,0,0,0,0,0.164135470964156,0,0,0,0,0,0,0,0,0,0,0,0,0,0,0,0,0,0,0,0,0,0,0,0,0,0,0,0,9.22442321401111,0,0,0
0,0,3.31222893385562,0,4.52904645644741,0,0,0,0,0,0,0,0,0,45.0307032680089,0,0,0,0,0,0,0,0.287491229393831,0,0,0,0,0,0,0,0,0,0,0,0,0,0,0,0,0,0,0,0,0,0,0,0,0,0,0,0,11.2853431142468,0,0,0
0,0,4.33344070470337,0,5.88394676518361,0,0,0,0,0,0,0,0,0,53.9575143607021,0,0,0,0,0,0,0,0.542230471696927,0,0,0,0,0,0,0,0,0,0,0,0,0,0,0,0,0,0,0,0,0,0,0,0,0,0,0,0,13.6677743831339,0,0,0
0,0,5.53121227491727,0,7.49961492937794,0,0,0,0,0,0,0,0,0,64.0049020803854,0,0,0,0,0,0,0,0.939842128102201,0,0,0,0,0,0,0,0,0,0,0,0,0,0,0,0,0,0,0,0,0,0,0,0,0,0,0,0,16.4449915665317,0,0,0
0,0,6.92486927453976,0,9.40533561022911,0,0,0,0,0,0,0,0,0,75.2578659884591,0,0,0,0,0,0,0,1.49567357789566,0,0,0,0,0,0,0,0,0,0,0,0,0,0,0,0,0,0,0,0,0,0,0,0,0,0,0,0,19.6775114052171,0,5.1139092960284e-12,0
0,0,8.53694825440778,0,11.6451112221246,0,0,0,0,0,0,0,0,0,87.8136609415201,0,0,0,0,0,0,0,2.22944664286303,0,0,0,0,0,0,0,0,0,0,0,0,0,0,0,0,0,0,0,0,0,0,0,0,0,0,0,0,23.4357117466028,0,0.105914334070844,0
0,0,10.393581869369,0,14.2707685027615,0,0,0,0,0,0,0,0,0,101.740117857516,0,0,0,0,0,0,0,3.16593605876276,0,0,0,0,0,0,0,0,0,0,0,0,0,0,0,0,0,0,0,0,0,0,0,0,0,0,0,0,27.7936545943828,0,0.32438811167285,0
0,0,12.5249090697774,0,17.367308787677,0,0,0,0,0,0,0,0,0,117.153895763581,0,0,0,0,0,0,0,4.33576985061505,0,0,0,0,0,0,0,0,0,0,0,0,0,0,0,0,0,0,0,0,0,0,0,0,0,0,0,0,32.8440851555227,0,0.665023550235704,0
0,0,14.9637220085076,0,21.0142480073617,0,0,0,0,0,0,0,0,0,134.185890611095,0,0,0,0,0,0,0,5.77644190446881,0,0,0,0,0,0,0,0,0,0,0,0,0,0,0,0,0,0,0,0,0,0,0,0,0,0,0,0,38.6946451285543,0,1.14071779434082,0
0,0,17.7491619431195,0,25.3051090798063,0,0,0,0,0,0,0,0,0,153.047324178947,0,0,0,0,0,0,0,7.53339992999468,0,0,0,0,0,0,0,0,0,0,0,0,0,0,0,0,0,0,0,0,0,0,0,0,0,0,0,0,45.5443311062382,0,1.76785002309187,0
0,0,20.9259236863244,0,30.3401282268759,0,0,0,0,0,0,0,0,0,173.912620930546,0,0,0,0,0,0,0,9.66141499421885,0,0,0,0,0,0,0,0,0,0,0,0,0,0,0,0,0,0,0,0,0,0,0,0,0,0,0,0,53.5645472946313,0,2.56722630825269,0
0,0,24.5442555387979,0,36.2450510781428,0,0,0,0,0,0,0,0,0,196.97547403139,0,0,0,0,0,0,0,12.2262375673932,0,0,0,0,0,0,0,0,0,0,0,0,0,0,0,0,0,0,0,0,0,0,0,17.6383279469626,0,0,0,0,62.9570314560977,0,3.56461813354295,0
0,0,28.66201338857,0,43.16754053432,0,0,0,0,0,0,0,0,0,222.250275816522,0,0,0,0,0,0,0,15.3068650673622,0,0,0,0,0,0,0,0,0,0,0,0,0,0,0,0,0,0,0,0,0,0,0,19.6133562024886,0,0,0,0,73.7329994749337,0,4.79064993834599,0
0,0,33.3450013297898,0,51.2590129808009,0,0,0,0,0,0,0,0,0,249.944129939342,0,0,0,0,0,0,0,18.9978760831169,0,0,0,0,0,0,0,0,0,0,0,0,0,0,0,0,0,0,0,0,0,0,0,23.6189401025615,0,0,0,0,86.1061473307587,0,6.28323569131449,0
0,0,38.4701439932512,0,60.7153339049559,0,0,0,0,0,0,0,0,0,280.285645087559,0,0,0,0,0,0,0,23.4125858287871,0,0,0,0,0,0,0,0,0,0,0,0,0,0,0,0,0,0,0,0,0,0,0,29.7501014873066,0,0,0,0,100.322958646026,0,8.08807459772886,0
0,0,44.1142839624339,0,71.7657267820594,0,0,0,0,0,0,0,0,0,313.903027614631,0,0,0,0,0,0,0,28.686014046475,0,0,0,0,0,0,0,0,0,0,0,0,0,0,0,0,0,0,0,0,0,0,0,38.1434389613059,0,0,0,0,117.024226413334,0,10.2503028931232,0
0,0,50.3592629690901,0,84.7031782475879,0,0,0,0,0,0,0,0,0,351.14011604107,0,0,0,0,0,0,0,34.9788987491558,0,0,0,0,0,-4.32874585448258,0,0,0,0,0,0,0,0,0,0,0,0,0,0,0,0,0,48.9800651663584,0,0,0,0,136.662273319131,0,12.8322975504058,0
0,0,57.4309410103615,0,99.8483357255951,0,0,0,0,0,0,0,0,0,392.378245643306,0,0,0,0,0,0,0,42.4826438150795,0,0,0,0,0,-3.72828744734779,0,0,0,0,0,0,0,0,0,0,0,0,0,0,0,0,0,62.4896157487081,0,0,0,0,159.77867132143,0,15.9085109298273,0
0,0,65.4371300106611,0,117.576267651763,0,0,0,0,0,0,0,0,0,437.561774426119,0,0,0,0,0,0,0,51.4255857293351,0,0,0,0,0,-2.53530337420561,0,0,0,0,0,0,0,0,0,0,0,0,0,0,0,0,0,78.9550983973601,0,0,0,0,186.241242083208,0,19.5539670715752,0
0,0,74.4997401818015,0,138.322542848503,0,0,0,0,0,0,0,0,0,487.073759065836,0,0,0,0,0,0,0,62.0799530130171,0,0,0,0,0,-0.74919838753206,0,0,0,0,0,0,0,0,0,0,0,0,0,0,0,0,0,98.7186922615993,0,0,0,0,216.564354881792,0,23.8699909397358,0
0,0,84.8811294918171,0,162.600266011796,0,0,0,0,0,0,0,0,0,541.335230450292,0,0,0,0,0,0,0,74.769754311354,0,0,0,0,0,1.63892237691828,0,0,0,0,0,0,0,0,0,0,0,0,0,0,0,0,0,122.188949516501,0,0,0,0,251.339586050783,0,28.9765368895628,0
0,0,96.7764177133115,0,191.009592106253,0,0,0,0,0,0,0,0,0,601.035095932545,0,0,0,0,0,0,0,89.8810784487734,0,0,0,0,0,4.64629145566991,0,0,0,0,0,0,0,0,0,0,0,0,0,0,0,0,0,149.848362794089,0,0,0,0,291.855058675047,0,35.0487630695058,0
0,0,110.410614368468,0,222.558375664855,0,0,0,0,0,0,0,0,0,666.715823453901,0,0,0,0,0,0,0,107.872613343926,0,0,0,0,0,8.29828144481883,0,0,0,0,0,0,0,0,0,0,0,0,0,0,0,0,0,182.202551084663,0,0,0,0,339.051597297909,0,42.2652011502366,0
0,0,125.957257001284,0,257.879423061036,0,0,0,0,0,0,0,0,0,738.973444550065,0,0,0,0,0,0,0,129.289457233057,0,0,0,0,0,12.6286262857946,0,0,0,0,0,0,0,0,0,0,0,0,0,0,0,0,0,219.894505102626,0,0,0,0,394.021488380414,0,50.8376187955545,0
0,0,143.682040707979,0,297.672057669668,0,0,0,0,0,0,0,0,0,818.643979882136,0,0,0,0,0,0,0,154.779995231311,0,0,0,0,0,17.6764944302578,0,0,0,0,0,0,0,0,0,0,0,0,0,0,0,0,0,263.67266827407,32.142748756305,0,0,0,457.708152019755,0,60.9777882773249,0
0,0,163.886837184463,0,345.487591982438,0,0,0,0,0,0,0,0,0,906.479476749237,0,0,0,0,0,0,0,185.116119132651,0,0,0,0,0,23.4922910382931,0,0,0,0,0,0,0,0,0,0,0,0,0,0,0,0,0,314.357516408034,35.6546567790966,0,0,0,531.461809539931,0,72.9695614372599,0
0,0,186.563129817023,0,403.111275570312,0,0,0,0,0,0,0,0,0,1003.30764329912,0,0,0,0,0,0,0,221.215501011357,0,0,0,0,0,30.1356896429295,0,0,0,0,0,0,0,0,0,0,0,0,0,0,0,0,0,372.940290788326,42.7193947903718,0,0,0,616.829907997463,0,87.1471419870112,0
0,0,212.017949422329,0,472.797522418366,0,0,0,0,0,0,0,0,0,1109.99653088884,0,0,0,0,0,0,0,264.168956102831,0,0,0,0,0,37.6840685049693,0,0,0,0,0,0,0,0,0,0,73.5727263639777,0,0,0,0,0,0,440.564905572673,53.4355470583544,0,0,0,715.366229746938,0,104.06636593596,0
0,0,240.594510254057,0,554.217969356746,0,0,0,0,0,0,0,0,0,1227.54078480168,0,0,0,0,0,0,0,315.272281945134,0,0,0,0,0,46.2194888291076,0,0,0,0,0,0,0,0,0,0,81.4636414871807,0,0,0,0,0,0,518.747974130188,67.959196646286,0,0,0,829.023988649496,0,124.24815570818,0
0,0,273.087607153942,0,649.323042271175,0,0,0,0,-0.999965036781804,0,0,0,0,1357.03440648785,0,0,0,0,0,0,0,376.062319210003,0,0,0,0,0,55.8356827705322,0,0,0,0,166.590823737791,0,0,0,0,0,97.2687626420963,0,0,-0.679597042330897,0,0,0,609.059410713799,86.5663554662951,0,0,0,960.024236865768,0,148.309010417539,0
0,0,310.018338142761,0,760.375862513206,0,0,0,0,-0.894037044100823,5.64345951553354,0,0,0,1499.59127189178,0,0,0,0,0,0,0,448.360799147471,0,0,0,0,0,66.6267524125924,0,0.00068042856669992,0,0,184.339581416898,0,0,0,0,0,121.129980816498,0,0,-0.539803961183977,0,0,0,713.305848229694,109.558524232193,0,0,0,1113.01720393056,0,176.826149384911,0
0,0,351.971570886505,0,890.096630891692,0,0,0,0,-0.634871559874972,6.45339784455736,0,0,0,1656.51527840075,0,0,0,0,0,0,0,534.329155875179,0,0,0,0,0,78.7100289979385,0,0.106328323969339,0,0,223.727022930498,53.308595035657,0,0,0,0,153.305463093085,0,0,-0.241635878247379,0,0,0,832.701651482616,137.300791950216,0,0,0,1291.70111553025,0,210.595725551576,0
0,0,399.836332009033,0,1041.55307847667,0,0,0,0,-0.146485646133541,8.31829956900021,0,0,0,1829.23608799289,0,0,0,0,0,0,0,636.528667402248,0,0,0,0,0,92.2174507794994,0,0.345622838651859,387.081348347308,0,290.252393392398,59.0634476489171,0,0,0,0,194.177162030041,0,0,0.240546991021029,0,0,0,969.429490015251,170.167336756664,0,0,0,1500.39204115045,0,250.543535057746,0
0,0,454.436108605987,0,1218.29181589586,798,0,0,0,0.69210872056136,11.6005548242966,0,0,0,2019.4121580517,0,0,0,0,0,0,102.52241483673,757.992890344422,0,0,0,0,0,107.128998083375,232.249008369392,0.759203014874504,428.20286409131,0,391.534045634676,71.5137199371471,0,0,0,0,244.236075756873,0,0,0.94094671345822,0,0,441.134976609935,1125.98293370716,208.636905250623,0,0,0,1737.06359119038,0,297.617572820032,0
0,0,516.706395265552,0,1421.8256984263,882.336564872243,0,0,0,2.07199798176572,16.8286651724751,0,11.3758405696988,0,2228.777860821,746.431968376052,0,0,22.5049737935125,0,0,113.69693157086,902.306867519617,0,99.3372332023688,0,0,0,123.587294886444,257.058549585582,1.40506096458289,514.501304552265,0,538.011918723449,91.9522861081357,0,0,0,491.265074415235,304.088593320999,797.954442818981,0,1.90426133627457,54.2605123342967,0,487.986344122581,1306.3471577654,253.254840961177,0,0,0,2005.34363944705,0,353.018716974644,0
0,0,586.414919366924,0,1656.17059818556,1048.66993362319,0,0,173.965289124427,4.29500508365154,24.7671299629162,0,12.6870686718158,0,2459.23323973337,825.633407747791,0,670.309133505785,24.9946681592728,0,0,137.976737331945,1073.70320092733,0,109.961120958421,0,117.069305894994,0,141.751259721887,306.940710200765,2.36401462911441,651.54860867302,0,743.860096044714,122.105510089474,0,0,0,543.417350895412,374.451864031907,882.719662431502,0,3.18834618239699,60.221510156105,0,605.202276890511,1514.03264910448,303.139964260919,415.106545793791,0,264.255997510135,2309.19163709735,0,418.121532537865,0
0,0,664.391591481015,0,1925.89240947408,1295.67100541963,417.75212240166,0,192.486752165202,7.83622183539261,36.5136727717354,0,15.6611240066463,0,2713.81764871203,982.277582508683,144.754678524553,741.413402423261,30.2085059925454,0,0,178.017717730808,1277.16891764319,0,130.914066093049,0,129.580550385335,0,162.077755184473,382.521877669861,3.74982364698166,846.666195490769,0,1028.19418313451,164.225746046144,0,0,0,647.406782323604,456.162717823644,1055.94634711674,0,4.86738425994867,72.950867552006,0,821.783029289423,1753.04517545036,358.890595514887,458.932239682356,0,290.933721192002,2659.62548338513,0,494.714368698708,0
0,0,751.538922222164,0,2241.46419546651,1622.93252477546,462.062694732638,0,228.919583810428,13.440341523508,53.6420479536385,0,20.796581539862,0,2995.00607853134,1215.60001878899,160.401690097158,923.435786606866,38.469978315904,798.999999999726,0,237.375496655877,1518.57246179775,0,162.038257139054,0,155.768487415537,0,184.813982182522,484.778221994528,5.72091612368506,1109.23855095934,0,1413.76943056602,221.221801332918,0,0,797,803.330218681342,550.172855352281,1323.19215339265,0,7.03252311892425,93.5479149477004,0,1166.34711967808,2027.31656384272,421.143043765132,538.966645617994,0,350.196292692556,3063.08181320797,0,584.627321510755,0
0,0,849.392576370868,0,2610.27857148809,2029.54615066909,553.236081834449,0,282.868970562315,22.2796381483951,78.3964640668127,0,28.7804817463904,0,3305.51640596305,1525.76597982135,191.363818699015,1241.00834040372,50.2050158265339,883.751271973569,0,320.738563576401,1804.76521552791,798,203.304956801138,0,197.221216774353,0,210.236695123562,614.781267906672,8.49377704268621,1451.027914928,0,1933.01955607041,296.796961403811,0,0,881.765140046851,1011.5854639117,657.143097857643,1691.99025198518,0,9.80172479947397,123.459809362676,15.625547350818,1659.74381769091,2341.85349711396,491.287219790248,648.668101229586,0,450.362432055554,3526.68970639686,0,689.908052887534,0
0,0,959.112220656858,742.410199261561,3040.80158396065,2516.27960435513,694.910476293364,168.401276189411,354.136047911877,36.1904811773871,113.971297337415,0,40.5353626119175,0,3644.00520242561,1913.87547790598,237.51474245049,1696.74274892533,65.9534958750377,1064.29743183605,0,434.167690388803,2143.8014622692,882.715905885369,254.707710625042,604.07618092309,256.002331013464,0,238.357757655671,774.055553274098,12.3683495872304,1886.58546119534,66.9331410540321,2628.89832940667,395.595895667587,43.5871056373974,0,1051.5317940807,1272.67136886091,778.167566718301,2172.04265168451,0,13.3241742531291,164.556326177964,17.8094955434164,2311.63173645178,2702.31416265081,570.0531072312,782.426272142641,0,602.975669547803,4046.42752423916,0,813.095779936573,39.4332959258057
0,315.541097643654,1081.94295978865,821.166114388208,3502.20001978685,3084.62366070898,891.890887412484,186.33549102663,442.747004976788,58.0529742158884,164.904884313137,0,57.2646294025218,0,4013.06679114842,2381.82638653293,298.923291306808,2279.72760292826,86.3972313960782,1355.03539118064,288.963827343918,585.409918088322,2545.07460482224,1073.16954102626,316.421376810093,668.062148090783,334.737644679537,0,269.460385916382,964.416882789953,17.7546631191558,2433.63354267687,74.4262422326625,3558.76556956327,523.381298502527,48.2974906621793,0,1307.74961201219,1587.2002205718,914.438186529137,2775.31116603819,0,17.7823829374705,219.196806244082,22.3078959365097,3121.04912898296,3114.18840867094,658.216594032788,934.581820827829,0,818.364354340874,4627.78635623102,0,956.769264174238,43.7158846763672
252.216394051188,348.9965750567,1219.89521383367,969.135259069995,4005.28095517516,3735.95348141662,1150.23444333696,221.874218331447,548.864994127217,92.3673774471786,237.217261083781,0,80.4792501956259,289.287663121515,4415.51922212191,2932.31168667793,375.880644043507,2974.28615482866,112.380708055974,1773.89848457633,319.68851282141,784.196099526502,3019.28791545767,1398.8245804628,388.73585562764,790.494581550776,436.641742268961,40.6075278840806,303.85801544832,1188.59175824508,25.1786054386648,3113.7416516719,89.3943025627889,4797.40711674408,687.175739959369,57.3626123270057,0,1653.0400939268,1955.73471976084,1067.58376709059,3516.23323423938,273.402542595211,23.4099504842261,290.324416882741,29.3086669605811,4080.02335245319,3584.42805989525,757.057868144156,1100.92860312793,0,1112.20932343901,5276.31673869658,0,1123.7304840744,52.1325258892973
279.569781560862,418.124058408325,1374.56112422723,1177.97056965425,4559.71102850968,4472.85668718339,1477.35975071712,274.915844198416,672.8041116049,146.140466888536,339.61213899774,0,111.907840142587,319.952874351612,4848.81320114908,3568.72878774776,468.838811748302,3764.36130803438,144.936693306457,2341.90547351051,383.602946505231,1042.63173154201,3578.99331374058,1899.79292932859,471.900655745644,966.606075938092,565.598496631109,45.3295200783922,341.857091278282,1449.10105183332,35.3634851657922,3952.83617399114,111.921322944958,6442.17282732189,894.617412616267,70.481674534984,0,2091.09598446778,2378.2064749304,1239.02903501597,4410.70546120085,302.662054608194,30.4994380693546,381.495111641664,39.0625456414835,5176.35236754231,4120.78221275526,867.492942743505,1277.93073100457,30.4416309765273,1503.79095762678,6004.89114690556,0,1317.63781140648,64.579195708288
354.285914506771,514.578637718129,1547.64008430203,1440.3713001005,5227.09814873666,5298.42341564707,1882.16273111343,345.572863123278,814.525564073913,229.442282389928,484.186481177392,630.91438172421,153.55985030383,397.19515616109,5316.13025141872,4295.23881565314,578.428411780923,4632.90381633949,185.321957239634,3083.65468833886,482.35467535785,1375.55822090671,4238.66786854629,2628.80925466474,566.39594544923,1192.29962005318,726.175530083048,58.3931706220594,383.834828247563,1748.68983210416,49.262920094695,4979.45462195221,142.188884527626,8570.48014058364,1155.2149470042,87.4018138515745,0,2626.75043023842,2854.62671233004,1430.27574513469,5478.28048707891,360.549852632451,39.3792303462408,497.070947191831,51.7417924671414,6396.28901970039,4732.01038967825,990.460567697323,1464.34095549713,33.7678080352901,2016.18673435883,6819.94393564363,0,1541.85360349271,80.9880243530142
505.129655757066,630.712050551187,1738.44682152286,1749.67675535823,6037.79866942529,6219.71115895346,2373.03194513543,434.110788271014,974.487692657728,358.144022960061,688.50684182284,694.859483864291,207.530845463518,541.571356740476,5820.85298369629,5116.69381567886,705.514407958682,5566.67810131289,235.0516059965,4026.40690105871,616.429578114529,1800.72619158995,5014.6115108591,3654.06672080393,672.812414709095,1464.57359858188,923.768956241013,85.5605519679512,430.206944745711,2085.15756110217,68.0409918941201,6228.95977578313,180.372149394513,11320.0715652713,1479.78781993523,107.82343147833,0,3265.90105053581,3384.62361898101,1641.42213806408,6741.48926832095,446.769463743656,50.4889913842971,642.257374152437,67.6858965296396,7726.29184098361,5427.68134480359,1124.43129690093,1657.72399745619,40.3535180070232,2676.23118527683,7727.67740156494,0,1799.85909428088,101.265214567381
763.862969283852,759.918281025944,1948.38540250855,2100.23158105775,7036.72185877768,7241.13314106919,2961.33486267537,541.017834496643,1153.25904106728,556.132807797004,975.81770329663,810.808052019467,276.047469887559,774.037944829744,6375.66345201472,6037.37266319842,851.096883938445,6554.34157209268,295.879964012576,5198.21871425547,785.411573478463,2338.98215602667,5925.52584461792,5060.3569369404,792.36347061955,1780.56936337194,1164.60534320112,134.209290380565,481.536046736039,2460.63745474619,93.2000261936784,7742.35765759413,226.793288830436,14861.9620304613,1879.77477241025,131.545558586094,0,4015.34677194099,3968.64643848214,1873.97409412774,8224.03032446213,561.325384247882,64.3740133741262,822.733187195193,87.3158614396028,9153.35566373365,6218.35236935997,1270.37236701119,1855.99849708532,50.1233225650556,3513.87272748161,8734.64288442797,3.60828869528993,2092.04543557777,125.377995438595
1155.13175050642,897.173461304534,2178.8755295076,2487.09543600938,8156.14490878895,8367.3823796001,3660.02110727314,666.965796536163,1352.13964386543,860.300993688078,1377.17916671629,968.550837826612,360.801017211546,1109.32055625648,6985.23364941503,7063.14640469398,1016.35613436722,7591.97028429068,369.93038662883,6627.7531249556,987.48675124729,3014.04391242468,6992.41211684581,6946.42761348238,925.965611361306,2137.84518180877,1455.93966393713,211.010387443406,538.340914791631,2877.28218677066,126.552602977906,9565.66351817558,281.857333618335,19433.5260115663,2367.58937312172,158.402007784896,0,4882.93517093289,4605.645678985,2129.43864347863,9954.46345783815,704.595131275208,81.6858446197239,1045.34183514797,111.43839224452,10665.5731801039,7118.97143965941,1429.1858494356,2055.00686630233,62.982365985678,4560.83885108539,9845.94054757835,4.09654326019663,2421.06462532999,153.309936153208
1689.94239722462,1038.5266645954,2435.24933249442,2905.84214502808,9407.60214506784,9596.78724625428,4475.19999661278,812.936551054918,1571.99671076639,1322.64443505077,1931.27558615839,1159.38045142278,462.854729034454,1551.69681966356,7654.62463511982,8200.43639577404,1201.06588384187,8671.87905586314,459.68966587034,8341.54651834964,1219.95336742191,3851.94363060486,8235.83941982578,9424.82593478859,1074.65828381045,2532.42054071296,1805.67053722955,319.343863489315,601.192360055199,3344.74407442382,170.249619914765,11752.0584227603,345.055729186909,25293.2965135364,2955.79227871817,187.394945351891,0,5877.42945231457,5294.08960421072,2408.90732227871,11964.7292150969,877.130271021257,103.245669263016,1317.76691840271,140.763607234579,12231.8056486186,8142.87609576527,1604.70360485437,2253.3534758313,78.7877098661341,5849.3120050347,11065.6800839175,5.43816576078738,2789.32430584242,185.265408115429
2366.73191845714,1180.67265969208,2719.72128306815,3352.68980930083,10802.6974377708,10933.6786588553,5420.99063028661,979.981521943683,1813.77329484822,2014.36338898998,2687.15158899214,1372.96310885593,575.300869674387,2094.91833243571,8388.21774839097,9452.64619103434,1406.50914261443,9787.58104189191,567.259064097015,10335.2117229215,1470.52605413418,4880.15480996558,9680.55814847969,12613.7322261711,1240.07065397364,2962.23744619676,2222.38912967265,458.410849560697,671.039982615233,3866.32537389517,226.597543795078,14360.6498827732,416.721651051777,32739.4972834239,3659.6878007174,218.37720287577,0,7009.05480115035,6031.38515415378,2713.82061270942,14283.5606143385,1079.68659514202,130.059830176916,1648.51683245289,176.129540894526,13843.0033439248,9304.42957157798,1798.03096116301,2449.90561829627,97.3778145837514,7409.53679489591,12386.9139178448,8.31784740366399,3201.10518660697,221.278989673721
3165.68698433294,1321.27330887296,3034.56496942703,3824.33708124173,12372.8265943807,12382.3862273999,6512.74335008548,1169.313156161,2070.76241569115,3014.81013003263,3702.98525337988,1602.65506319524,699.587088658945,2722.85629382589,9191.70738343769,10826.7633593367,1634.14104418748,10930.5765802102,695.689933440971,12618.818444498,1735.04675129911,6126.20234676878,11353.3552826576,16622.853297586,1423.61550154575,3425.53939557384,2714.57856923359,622.913835691462,748.636025502137,4445.21226715202,297.930918427619,17301.2461756689,497.250952618182,42151.0945680679,4490.99526923904,251.239332609502,0,8288.34950028276,6814.98076479297,3045.51967924805,16948.233665506,1312.89930138671,163.472899862655,2046.37420778887,218.529629313154,15491.4697245775,10616.676749636,2010.25685746676,2644.76439919943,118.557704474814,9266.86592988467,13810.0177324604,13.996787454936,3658.46791873471,261.378217380223
4072.02997528658,1458.58228869592,3371.4260876462,4317.83908351709,14131.9017828767,13958.5561729361,7778.19390112419,1382.12411911421,2344.10082842233,4422.74317175775,5037.78940435374,1843.01594186436,835.304624405074,3418.00614349545,10071.1951162209,12330.1806677488,1884.73996260278,12096.0546056906,848.417997510329,15194.9303867382,2009.69399846043,7604.84830223718,13261.7423163107,21545.3786579351,1626.86175710384,3924.13933010527,3291.38123341329,807.14838675955,834.807552664097,5075.00021763287,386.043790943762,20609.6367104571,586.09061379552,53886.3533924645,5459.60652742174,287.587215353191,0,9726.4950348868,7641.8941991285,3407.34453352334,19998.7282714223,1577.75904420824,205.015305719656,2520.15987319652,269.103840384424,17162.3036985057,12095.1967821003,2236.50945161018,2837.09360726177,141.905163467887,11441.4323796265,15334.0263357823,24.7342432696021,4162.99818791957,305.118783197967
5070.87124719261,1590.82405063474,3731.55749601998,4830.6776298313,16093.0506937269,15667.6297846919,9236.77845228001,1619.8782726209,2634.85654084942,6337.39153625926,6753.67181233377,2091.85201439182,985.276447845683,4162.45254592334,11031.6084021642,13969.0509596832,2160.06382092625,13279.9803211243,1030.39883657804,18009.329947339,2303.84978505269,9335.1163845313,15431.0728175174,27442.8891046551,1843.66631566632,4457.12006069301,3961.82067037263,1005.21844591272,930.237394461581,5756.83812687021,492.600660925688,24320.3612477444,683.655029102274,68292.3779684041,6563.76576961176,327.588673842346,0,11333.7776761522,8506.54203536814,3800.53159887775,23457.2587775447,1875.35676139293,256.524264659862,3078.91854410767,329.160269667098,18851.3551590404,13756.1922539927,2477.6203550671,3026.21312685508,167.180860426544,13946.2621790928,16983.3353488868,44.4314315792864,4713.70178408773,352.462399675487
6161.37413309457,1717.18352220035,4116.06081282747,5360.65613826026,18260.2440562261,17514.7733620289,10908.3408707675,1884.1682756895,2952.3780607006,8849.01091862805,8905.35720749829,2345.53101302199,1148.76452178736,4940.15793860033,12079.6169222611,15751.2121362146,2462.03722601571,14445.9130697053,1246.12105300465,21047.6785039312,2615.24822205524,11330.5667718647,17886.7862735066,34291.0761217114,2076.12670322797,5023.71865652773,4696.59367038038,1212.07141822603,1035.87069795371,6491.39074402466,618.731417293292,28595.5927795204,790.393530990972,85996.9895087534,7806.29099734591,371.450382919937,0,13121.8406515511,9405.06646586881,4226.11104127102,27367.7557471633,2206.63254050037,320.674137122491,3730.15134013347,400.010024898774,20555.1074369051,15621.4752253484,2734.21351980658,3207.32502970064,194.130165214395,16784.1326611678,18759.1855311754,79.3436706261742,5310.75711013441,403.356621947722
7332.21074441892,1837.14888295364,4530.82347361917,5903.49845303693,20642.3224055525,19495.2237065186,12820.6834021763,2176.74212069303,3298.27479766948,12008.4119028483,11562.4540401206,2601.04894584257,1325.90094123127,5736.3052887253,13222.2676396842,17684.616361174,2798.05450479386,15598.4118438093,1500.38629148766,24289.6050721472,2941.85822317948,13553.1368115606,20613.2203366095,42059.9896560346,2326.2410834973,5617.26932453471,5512.01915550387,1423.07781812228,1152.7374834811,7273.90753836037,766.081355219565,33481.343510176,911.048375566829,107350.442840624,9187.29682549191,416.583699899071,0,15102.3670756559,10333.3555557046,4685.33586928252,31774.5401983684,2572.71375333086,400.254153577196,4479.77774141445,483.251561531766,22295.1342923269,17708.9408433097,3012.92023144839,3381.04043670431,222.561562623441,19952.2501301948,20661.8584652946,138.425487259912,5953.77960239446,458.121784809591
8573.26037465646,1951.84512549811,4976.6772079921,6457.55944726764,23246.0151051798,21611.9670368256,14994.6624881933,2499.42283908155,3674.22190138179,15823.8233087295,14754.7564335224,2859.33289451571,1502.94943837999,6538.38850420993,14462.4573250995,19770.078026855,3171.4921919591,16740.258198692,1796.57270606879,27703.5129731725,3273.68046483451,16001.19066701,23630.8589797897,50681.0372382414,2602.28686747466,6236.8670205214,6417.69906585779,1634.42505204321,1283.36145677452,8103.96228274728,934.791967357299,39015.8866331188,1046.91383574706,132609.209995813,10717.4591428138,463.016162045785,0,17205.6152638213,11291.7180262034,5178.80767097758,36730.1155803026,2974.70107707607,498.49883828834,5335.58201484307,580.657073809914,24067.9316956515,20036.3431613043,3315.2372750779,3547.81102208542,252.194848168564,23441.2390072857,22630.9379811455,232.341293058451,6635.81136202262,516.685418872926
9864.75597305476,2061.0039493801,5454.27279851374,7021.42562847025,26090.4938837088,23867.2958649937,17449.7434823719,2854.11797204947,4073.81480409428,20286.9668220242,18488.7219139767,3118.4982768737,1679.58372596033,7329.45273308785,15807.4297550078,22015.4374758167,3586.10633009786,17896.9953307004,2139.21876746663,31261.4586974726,3608.40703377198,18667.6708224737,26957.5081055271,60079.3071454641,2906.73763524992,6881.72359646876,7442.52449650133,1844.93210562157,1429.3685338671,8980.57825813804,1124.44710098977,45306.2383050791,1199.3746020806,161195.069431244,12393.9927939418,510.776900061966,0,19467.1276825278,12275.9447168678,5706.83130078596,42276.2859914059,3413.24906031595,617.073807542545,6300.24090212637,688.151849065347,25870.4850720583,22619.7966049678,3643.05402759858,3712.14773312362,282.751735780155,27229.332899099,24659.8163204208,370.709154831194,7355.13663254575,578.951203442844
11198.4861916563,2164.49810279513,5961.89125175513,7595.7799350471,29179.5174327536,26266.5535386007,20115.05325981,3242.50879659416,4497.69255211488,25336.9343332658,22618.6921524117,3376.99575327246,1854.84365616432,8102.28700665133,17264.7254885652,24428.245308286,4031.68699119651,19067.9755025396,2532.62382638159,34933.2637136845,3944.07403322605,21625.2709588244,30657.505496709,70133.9345625607,3242.31778648359,7556.61878094249,8593.0167979289,2052.14900776344,1592.58343082403,9916.36692807939,1335.56159005975,52384.8422811191,1364.75823104534,192917.733392476,14212.0366336477,560.78021543998,35.1364864245486,21907.7606975227,13281.7494218399,6265.60276995439,48451.7993469595,3889.20744261831,759.277195390822,7373.94663087119,808.556670979391,27681.5472959829,25475.3361451365,3988.78860082332,3873.9249391333,314.253670049488,31297.0802581602,26741.0288998266,558.813445793711,8109.68924088503,644.469941076929
12567.437591186,2259.01717339318,6499.6912833133,8179.52973780094,32514.0369022248,28810.5863960586,23001.6127117978,3666.54479283216,4946.40931944393,30891.6169676211,27095.6709555064,3626.97234178027,2030.39143334149,8851.54314542275,18866.7694785296,27033.4747300787,4511.55402128709,20252.9333997046,2984.61649312357,38749.8349093178,4282.79091657873,24868.0098006075,34744.1425679153,80712.6162224708,3612.52265017283,8261.15855547724,9875.3858908522,2254.17644420722,1770.94684430585,10910.1389307187,1567.2727230029,60268.9729181643,1543.55912427685,227468.761453552,16152.7282878775,613.017405576765,39.0591219304403,24589.8523948099,14301.0922621399,6854.48836765269,55314.8211912305,4403.26213962153,928.554783979903,8532.92953302672,944.176931848146,29498.9953479252,28617.6106517469,4352.17548675601,4033.08162061419,346.495089640961,35622.6874284307,28920.3979321383,796.556583526055,8906.4138785105,713.089719251267
13970.1728372431,2345.43314634087,7067.64752773575,8771.72476982262,36061.3099710319,31499.2141666951,26115.8511988399,4128.17260865291,5420.69014736902,36788.3857040485,31862.113362837,3867.69531686609,2204.78245556484,9581.33850400344,20626.5581985559,29839.2904696984,5028.99238476237,21442.1223465711,3499.3636508929,42677.3292797931,4623.2761905003,28386.3034528104,39224.8678109425,91698.6764237964,4020.8186871262,8994.97818163809,11269.1585686794,2446.74495331053,1965.84445663445,11960.0931442435,1818.51849207045,68741.8277173834,1736.219219486,264478.938788601,18207.201705251,667.482725769255,45.8633864039911,27531.3838876981,15329.7404132237,7472.5405265428,62896.4153495118,4953.37697710415,1126.37288346895,9770.8708854094,1100.80676951743,31321.0425183381,32023.3870808474,4732.84472237877,4188.30125597141,379.30115632148,40188.1807982219,31193.7249937514,1079.52737758318,9743.20725988437,784.639517417261
15401.4840315264,2424.50743853269,7665.73585650785,9366.69278721727,39814.0158898877,34334.4696412076,29578.007515247,4629.18153970622,5920.87050327393,42933.2930496189,37013.5754956498,4098.67841609541,2376.8281305708,10288.1182223821,22558.040568752,32853.2419885621,5594.69569972833,22634.6981619289,4080.15885479966,46682.4698456285,4964.48432125293,32074.4668360288,44114.3424057082,102960.89773886,4471.03992964781,9753.93535754181,12769.7369912494,2629.22294787048,2178.75617914533,13062.799573056,2085.16916255055,77759.1788331659,1943.19196894746,303489.095243781,20366.2828755686,724.409379655188,54.7163088826683,30754.2092619492,16363.6813354517,8121.64317898779,71219.7643999257,5539.50393245217,1355.55121228468,11079.9654962496,1280.82019352018,33150.1459785126,35699.6521992907,5136.26542941602,4339.50502940075,411.881314668968,44970.4022251091,33556.9924446864,1400.60808342237,10617.7443191445,859.173949740504
16856.899355364,2497.00355711087,8293.57170144147,9964.11091893809,43762.5186555813,37314.3371713992,33404.0356947746,5171.39031701724,6447.15408567174,49240.1648009099,42501.5284946789,4323.55623785623,2544.2504581891,10969.3762714821,24599.449887858,36070.1115468939,6212.1845868616,23829.9650229581,4696.87275843936,50724.1945094534,5305.11975891957,35909.3847645413,49408.4546301007,114376.043117582,4959.84279374544,10537.5028911087,14370.6195660306,2801.29190235985,2411.60409070982,14215.1497790495,2365.60229033527,87264.354475229,2164.75808563306,344005.563278947,22614.5012756719,783.80398138543,64.9559453791616,34203.7002905549,17400.1510439564,8800.40410749843,80249.9721619369,6161.31544363726,1618.49616314084,12469.7408912495,1486.66047424359,34984.7327422644,39650.6969372943,5562.98027281694,4486.64820622059,444.070213383039,49946.5454139964,35918.598017673,1751.38469570258,11519.6570514802,936.487071402762
18336.018568387,2563.49507384605,8950.59995770244,10563.7134082773,47934.2897185252,40435.6929091354,37608.6199864155,5756.51049378481,6996.91115559988,55728.3413391353,48277.8620430454,4541.84957371416,2706.18043364678,11612.6396271813,26760.6352256113,39493.9804165986,6885.08843431451,25023.4116426036,5349.34806915937,54773.3532979504,5644.51968585443,39868.3923808065,55096.1573181367,125712.474516635,5490.16418924553,11345.1606275089,16053.3863526116,2962.52502993236,2666.06794307291,15413.5246074448,2658.25428424632,97409.3982440701,2401.09355083661,385882.618546644,24942.7720403272,845.672144106639,76.2683503524529,37881.6503996462,18435.6769578533,9507.14351347804,89988.4873816646,6824.55319017614,1912.91697795765,13931.0265253214,1720.02724254988,36823.4581000361,43872.7405454546,6013.68863508199,4625.71576556016,475.721655606286,55083.8632074007,38271.8569772463,2123.49882344562,12446.0657930365,1016.35901229935
19835.5844528118,2624.50619983221,9636.02606402081,11156.0391062167,52318.3086578811,43677.3505959823,42034.8251251085,6334.51792525958,7570.16237314297,62331.6179651167,54080.0060119923,4753.211789816,2861.94768309191,12219.0686780625,29050.8689871647,43127.605986353,7617.26247470228,26214.6763218685,6036.35509639928,58803.8231206952,5982.18315311967,43970.342233167,61102.0614296167,136888.312269168,6065.09869834007,12096.6050617333,17809.0734536489,3113.12422216436,2943.90925510284,16646.36443655,2964.6862006255,108132.644631136,2658.3560588286,428643.761744204,27342.3691592549,910.127481130545,88.2680159900274,41787.7874271693,19467.0852449125,10241.4276634586,100426.405976334,7528.93851135878,2239.4880011966,15454.0080305485,1982.94833714472,38674.1570553316,48364.1565615082,6469.46928014586,4757.5147569548,506.968829375194,60361.9027570703,40609.9079614662,2506.77043402555,13394.1205911039,1098.52578111155
21352.7870459832,2681.59686670873,10349.0089093707,11743.5258439049,56901.6377688843,47033.5711284733,46664.2296874018,6925.1905634166,8166.73802273629,68992.8101845691,59861.7788410703,4955.85427079703,3011.39452062971,12790.0603582938,31521.2729563233,46951.4724082865,8412.48009185259,27403.4937957166,6796.87327932555,62792.999661177,6297.36899901474,48194.3063606346,67400.2617359731,147835.994139174,6692.51209773413,12826.080787389,19627.8481399301,3253.41041970142,3250.00842011864,17908.8486160199,3283.81953140286,119362.316370681,2937.43051163855,471840.129786053,29857.2150817175,977.177687413466,100.645065507891,45933.7955137047,20427.897906726,11001.3751697978,111585.097755301,8273.83936798341,2598.07447383418,16945.5302392605,2277.24394862439,40535.8492401089,53120.382540895,6932.09701651678,4882.67901647562,537.687643403045,65761.8051162441,42963.4659707513,2894.72227095872,14369.1584915044,1182.75092499023
22860.6634247952,2734.99521069771,11088.5902292895,12327.8052124894,61630.1588899226,50497.7108662151,51474.7813737912,7537.56449970415,8791.40396559469,75623.6387174098,65584.6098517625,5149.71657106787,3154.18032517968,13328.3764186857,34180.9758852178,50966.372854721,9274.51661039811,28590.138754203,7632.27043952955,66721.0544625981,6593.53223032011,52520.5688831699,73960.1284704234,158564.417417773,7376.51235749842,13548.2925826149,21508.2800794401,3386.22189167153,3586.78549921281,19195.9990177925,3614.68035640006,131144.144991326,3239.13114037833,514625.877670349,32487.7808458631,1046.82687639301,112.912768974665,50315.1473320539,21339.437907342,11784.9562894602,123436.51194763,9055.20839261377,2976.97589009967,18421.4804732638,2598.9128978157,42407.692655248,58192.8427422687,7402.47262300194,5004.21535648876,567.774803620322,71266.4645080869,45323.0353934986,3282.05809400037,15368.7076279422,1268.79500512305
24360.288091636,2784.9307775941,11858.0694152105,12923.0861077155,66486.6783283375,54100.8262448939,56495.6833121448,8201.10434135403,9443.57552599807,82183.5122573208,71269.0221128207,5334.82035791748,3290.10029991262,13835.3586080695,37038.7360211942,55171.4315113143,10205.7092542349,29774.4328778137,8543.34146507074,70571.1718131618,6873.34081276469,56884.6114311729,80873.930633421,169020.707335035,8121.4024269344,14325.3990199296,23439.5128113141,3511.73318335736,3956.77456810918,20497.1140315468,3951.818558449,143405.098876356,3558.46858369546,556662.623874072,35236.645525095,1118.72842309966,124.883221077709,54925.0525249298,22212.7230955948,12579.3694030688,135943.200852507,9871.40411039998,3375.72075069894,19886.9938941649,2948.21854116673,44273.4115472211,63577.333422829,7883.24404855298,5122.19585902196,596.891591612006,76860.4613701607,47679.6401620038,3659.52605276834,16390.3970031044,1356.14207211388
25852.4473331498,2831.14861894841,12656.4666989942,13530.2234038623,71453.8524289164,57838.8315690217,61698.9339702535,8920.037567778,10122.464664643,88640.2753620802,76882.0066287024,5509.13668175086,3418.59260693273,14312.4914668311,40123.0993663764,59606.1252385028,11209.5087922639,30956.2544460202,9503.4478232917,74315.485838996,7160.7969267504,61272.2326330718,88113.0975601481,179163.212987655,8926.89772706561,15183.078509173,25410.875979108,3630.19145827546,4355.57727936414,21807.3533662056,4294.23200708133,156067.513674423,3895.11188105187,597668.698144082,37956.2837036248,1192.86433834845,136.420697171422,59751.98897483,23077.593107199,13382.6939455503,149052.012417108,10720.4565909613,3793.03246499305,21390.1147093958,3325.01939246622,46132.971179435,69267.3023298916,8373.91936058506,5236.70499383308,624.983545942629,82530.1051166417,50003.4701620951,4024.95629719154,17414.3838012317,1444.56969453848
27348.0987202303,2873.93495248439,13482.7184393467,14150.4200067827,76520.81676002,61707.3267546388,67054.5608863547,9699.76654802783,10834.4384435949,94967.0248527178,82396.8129840151,5673.13130406425,3539.70669954969,14762.6741049516,43445.4813780567,64269.6682939457,12289.2391820867,32137.9430156415,10506.8210159263,77944.5170919181,7457.88304292759,65671.2090856744,95646.1600454932,188968.093698452,9796.89611762988,16188.6074767105,27420.9543640955,3739.93868661343,4785.19640946953,23121.9950103269,4641.03839983731,168833.888277458,4248.5777792859,638263.304082891,40656.9092051055,1269.21189407234,147.626191248176,64784.6125202627,23932.5893491748,14192.8412377706,162708.712360465,11606.3362531493,4235.28975313198,22928.8726417898,3731.87112416742,47986.3696326397,75142.2615540906,8873.9692413036,5347.20895974281,652.011979075126,88267.2415918403,52287.9436489416,4376.85357351091,18439.4293406666,1533.86132722539
28846.1350408089,2913.56153617095,14341.476782613,14771.3684319715,81670.8994976962,65655.4126302141,72514.3072083333,10523.816573543,11579.5789599126,101145.587528229,87849.7847126524,5827.27961876952,3653.56866379017,15187.2453659201,47016.8618070432,69160.1153615928,13442.7546934898,33319.4179099163,11547.1698236737,81451.3420139708,7767.28713760235,70142.159003764,103214.0386682,198412.595518253,10735.3870122135,17219.4986299855,29460.9159998283,3841.4719940226,5247.6108094995,24454.4132858615,4996.26688243367,181618.657468712,4600.24364728702,678238.404968552,43344.8207251554,1348.43503597521,158.42085964568,70009.7218822671,24776.4785440301,15014.2841376557,176852.714839054,12526.9803334071,4699.27338963458,24503.9833418567,4167.97779776217,49848.8535480417,81190.2271300129,9385.91618288147,5453.79775920431,678.161462979508,94061.0082519281,54527.6537906552,4719.10577521994,19464.4134521437,1624.45268705238
30345.634975372,2951.00010961342,15232.4016997051,15393.0949356374,86888.140156203,69672.4759397543,78046.4742167971,11391.6876381646,12357.9413556267,107163.2558276,93223.7778911336,5974.21233017674,3760.88039937164,15587.6050025136,50767.0894527005,74214.2406121284,14672.4717837835,34500.6098540224,12640.4425203615,84855.1066578776,8072.24090156834,74676.3518052998,110786.596482687,207481.965433484,11754.2298816764,18275.1029711144,31522.5998128815,3935.29619648262,5752.51899756628,25800.649142854,5359.51374156644,194342.860412511,4951.50624590389,717422.187635313,46122.3514127318,1430.53555076872,168.748892770047,75433.6778710433,25614.5126292304,15844.5122609871,191460.404439135,13480.0222423126,5181.4798358851,26076.6591629924,4632.11266102521,51720.1863768114,87397.1156213955,9909.02406119275,5556.56693817288,703.415640166414,99901.8560039786,56732.2498067399,5050.34099772715,20507.016876986,1716.1380154205
31882.8177502158,2986.45235277059,16155.1992478858,16015.6328362864,92199.4029639123,73747.5749873456,83619.789224233,12302.5114044094,13149.2256890144,113006.848066598,98505.8277716221,6114.11441213034,3861.83232976846,15971.1141426036,54699.4587423481,79423.8134169929,15980.4148235256,35676.5909291575,13783.1565208885,88150.8793271171,8372.90465233698,79266.5055158677,118334.322818794,216198.070416204,12858.9040289299,19354.7196694996,33603.8221454594,4023.08600028189,6302.7480875149,27156.9205690992,5730.47603679066,207095.11372754,5303.17299990332,754654.890850414,48997.339693655,1515.5079845151,178.47272388404,81042.9409044027,26446.7484838428,16681.071545223,206468.326232078,14449.103531803,5694.46727017832,27641.4725572518,5121.31012165088,53600.2154264917,93845.5674379207,10442.5702144473,5654.71790058706,727.771868571574,105783.313038378,58897.1400633788,5369.63160385518,21566.069352057,1808.72042013262
33467.4365725424,3020.11603073243,17097.8154202263,16641.2499087427,97591.2134295029,77879.0366942207,89197.6391824743,13249.6508098128,13952.2596129097,118672.453033898,103651.746786271,6247.19106282592,3956.65060872198,16339.2217494698,58815.9930776447,84779.0659254612,17378.3164185718,36847.5718901247,14971.9892642639,91335.4179069326,8669.4644476132,83895.5774474656,125979.303954167,224555.524372748,14055.0326497063,20305.1139946655,35699.3115852034,4105.20475142096,6901.12681714722,28505.6663901375,6103.46002472884,219810.40146897,5670.70904336846,789904.249971926,51982.1143349839,1604.57293841453,187.580860877162,86823.0419011724,27273.6055212144,17519.231683402,221811.568521938,15430.8284256096,6236.64948590824,29193.7774367352,5633.55342140337,55484.7973949451,100522.281192653,10982.9573387721,5748.45933640183,750.973495039479,111698.127790166,61018.3831714717,5671.22082196754,22640.5546640007,1903.22299568511
35115.3108074064,3051.93180335092,18058.9068470892,17269.8356395955,103050.811988373,82055.6206402146,94751.7493559085,14231.3882910516,14765.6971897266,124159.300653381,108655.300502604,6372.84458709692,4044.79892197263,16693.4887385401,63205.8136856725,90318.5323187188,18868.3396630101,38013.7720433041,16163.0457456408,94396.094282792,8961.87003563736,88557.9087004204,133686.701363241,232553.692438839,15337.6034302969,21206.0112805905,37805.0590612675,4182.01625148261,7532.42379766571,29843.0425794465,6478.00631111261,232430.062474282,6053.52096652123,823167.363130781,54973.8620655468,1697.9043943135,196.074346120149,92739.9369323445,28083.0961936528,18356.5126656587,237427.412536973,16421.7226887328,6806.59653174165,30739.1036375354,6166.60569290749,57373.6499977484,107413.925860621,11529.6570554106,5837.99068339762,773.04210798719,117640.021882581,63122.843758055,5955.94667377074,23710.628805384,1999.73942242151
36657.2576969374,3082.06853092331,19037.1541389681,17901.2970108549,108463.541938005,86266.0790084134,100255.990388127,15245.6964758587,15610.047180706,129476.987729453,113513.073737148,6491.38666894402,4126.65372310686,17028.2075053923,67876.7858959778,96032.538572545,20452.1447029912,39180.739047666,17350.4084172835,97333.2759015384,9250.34925777779,93248.9793891904,141423.630488535,240206.847909338,16710.5215323421,22084.6106263378,39887.6405128154,4252.5354863914,8199.04914031991,31165.610352515,6853.72203456591,244745.880536876,6450.94075836047,855107.541710283,57970.125343514,1795.69298344151,203.917821277736,98775.3588552795,28874.8828900709,19190.5700759257,253254.334993329,17434.1964921294,7371.73403403327,32274.8689562435,6718.66365131091,59266.5224325847,114434.185737932,12082.1587700748,5924.18883810069,794.004852547358,123587.67282008,65211.2536796687,6224.67188395262,24775.7071227281,2098.45271211178
38142.5416247262,3110.68715845592,20045.2139145576,18535.5988680752,113823.846436165,90447.36474581,105782.371669024,16310.0337968255,16486.5172702694,134628.734042444,118190.077506302,6603.13152550447,4202.5887730097,17344.7722235704,72835.9941573586,101910.656993894,22134.021478844,40348.4948179976,18528.781333839,100148.390016949,9535.13810159993,97893.9312080403,148965.446636477,247520.702002857,18177.4936670778,23019.0017336788,41942.4981175362,4317.28236547156,8902.97298009677,32471.6747053074,7227.73776920209,256717.946567689,6866.46851166522,885695.803707714,60968.8150322586,1894.25442057758,211.136582788141,104910.714237975,29648.7770343592,20018.134017631,269234.472391957,18465.1603127116,7930.19315391379,33799.1703887664,7287.25741121489,61162.8953385249,121561.540559115,12646.4418860812,6007.1582267454,813.61988487166,129537.530373285,67285.6519281451,6478.47323742465,25835.3184636783,2195.53386119356
39592.742298709,3137.22290434536,21083.4088541339,19172.6757728468,119126.981548635,94595.9991161416,111315.920493358,17425.3732211317,17397.1255181958,139619.325699299,122690.776857477,6710.30287413367,4273.28146161593,17644.5275518363,78028.3211696424,107867.820164645,23915.2342566186,41517.0719581586,19688.0974036243,102875.125968081,9787.97707058884,102491.743602215,156305.25266992,254503.440868104,19746.9296240716,24040.8973246142,43965.9207423753,4376.74059152417,9659.69090273936,33758.6602079323,7600.04734299664,268314.224114843,7300.16000035273,914921.424448277,63995.7191040557,1993.57117837866,217.760365876154,111114.079992061,30415.5939674718,20837.2236522752,285154.895153638,19511.4704070771,8480.30476250698,35308.2438056593,7869.87631771405,63062.6042515589,128775.189969537,13222.8547874505,6087.00304831968,832.054873260765,135486.629185422,69242.2750025467,6718.17647268646,26891.123730725,2291.05848688749
41056.1218545127,3161.88695654,22152.3087414954,19812.4738500656,124500.352785809,98707.569417115,116845.497070713,18593.2547819255,18300.4627663075,144457.480117537,127020.899133519,6813.12729912077,4339.03046995046,17931.3620284425,83448.5931019972,113890.523345531,25796.5498251179,42686.9811702495,20824.7872820629,105515.691471342,10018.5541770531,107042.067409609,163437.363931045,261158.261195412,21422.5063444501,25242.0892965506,45969.7456428682,4432.28076331885,10471.0146699416,35024.3230964973,7970.65407288071,279411.615914645,7752.15914366689,942459.293346887,67048.846860221,2093.61502081377,223.878418034402,117366.999213276,31176.5534261054,21646.0720700846,300967.245377059,20560.8792619629,9034.10997561231,36801.0814890831,8460.03602595556,64965.507708933,136069.580558417,13812.0522239271,6164.45628468327,849.417405353098,141461.736140665,71094.7844356177,6944.61568716649,27942.628999886,2385.0801239232
42534.0622855549,3184.86980508258,23211.8238772329,20462.4760665812,129940.932982705,102813.975993638,122180.184143303,19785.4946240215,19196.5288591859,149149.939347411,131175.492154805,6911.83563293616,4400.13097705984,18206.3517028432,89089.8991537079,119964.5905154,27738.42248532,43858.2957578204,21935.9190206779,108072.937240198,10232.6749950901,111603.873040279,170473.217886969,267497.177675328,23207.5112423871,26316.6903133825,47951.6882677681,4484.20559786888,11338.5233763872,36273.6712122249,8340.14860886129,290003.126171703,8214.29491812919,968349.781914087,70126.4536120732,2193.00662101125,229.515217022378,123651.505905902,31933.2517477257,22441.2888096643,316627.150138568,21610.0225139559,9589.28735290884,38277.1606408773,9055.64232134815,66840.164515966,143426.226483007,14404.5261284466,6239.65253087296,866.036030063299,147459.960827825,72853.4193324736,7163.51312946236,28989.4405234895,2480.30549446992
44028.3619479596,3206.57969945395,24264.4481480522,21123.84376182,135447.065889704,106905.695817733,127319.020767908,20998.5454904431,20084.9404557557,153704.126414208,135163.896109581,7001.89301251888,4456.97459804045,18470.5374750402,94938.8411871435,126118.675399085,29740.4748065195,45031.0807156257,23055.5647800779,110611.446888661,10451.9044718094,116176.450102001,177395.070929402,273533.278813778,25100.0188197013,27332.6833442991,49910.0844923634,4532.80371997373,12247.9940125229,37505.0561794735,8708.4730373461,300087.489396527,8685.51002094213,992643.365429742,73157.0827539377,2291.90180986484,234.696878639341,129966.666231441,32637.8424697898,23221.7915231867,332193.299914077,22655.661223005,10143.7992925561,39709.4257452771,9654.69933387314,68690.9822934103,150827.896934358,14999.9281734422,6312.73229889822,881.999069579567,153478.847480556,74578.4590110991,7375.57967500299,30043.1587767789,2576.93734970068
45534.2612186443,3227.13512398182,25311.952277621,21798.0675118508,140867.825654388,110973.677835363,132261.801674554,22228.7325168968,20977.884064709,158059.579996452,138995.618681004,7084.31392690128,4509.83373116984,18722.3000199164,100984.913190125,132336.743238863,31801.3115692816,46202.7869016804,24182.4757162729,113152.244507919,10677.5331301378,120759.604824132,184187.867999773,279283.593569239,27101.865837753,28316.8377545804,51801.8114813738,4577.42354732297,13199.3501901126,38717.1010488812,9075.58689891431,309823.937551707,9164.75081378721,1014658.06524204,76147.9129057248,2390.41273906513,239.462955675543,136296.0862661,33301.6347965727,23986.6699901281,347626.538127307,23698.3241915385,10684.4453035537,41099.6243705881,10262.5099040132,70521.4008316486,158214.406101974,15597.9318863404,6383.06682513711,897.452518017886,159534.817050568,76271.6520131022,7581.65217397571,31103.5835677688,2675.28698103172
47052.6963116005,3246.64565110354,26372.9767286363,22477.6596297012,146203.159008171,115006.105306491,137045.857484045,23477.6156649211,21873.14218567,162236.517210239,142671.684033066,7159.93924280644,4558.97109287448,18962.7064536346,107216.109954466,138602.807240753,33940.0403787892,47373.4504985372,25315.9444266961,115725.777552824,10911.1887766635,125285.851912572,190812.808073473,284762.236048091,29214.2980904059,29345.9673231877,53633.6676051018,4618.42772181625,14192.0773821645,39894.877652212,9441.79478438071,319204.252863166,9644.89078962502,1034664.34017224,79104.5114091047,2492.56501712918,243.838722526924,142624.417582743,33931.8033386961,24736.0704666754,362892.943662325,24735.0682784559,11210.6634326099,42449.5644983869,10877.5933339842,72339.3249751678,165573.688154076,16204.2512593998,6450.75392992074,911.86863871093,165627.658798581,77935.363505536,7779.08465278692,32170.6096474582,2771.75633148116
48584.8284174975,3264.89670130059,27446.6758855326,23162.6882702854,151453.523354706,118995.076256332,141665.995627877,24741.446511546,22768.5441841863,166252.797648492,146203.20186628,7230.90041863237,4604.34812379221,19192.7604523607,113638.961744014,144863.362007939,36152.4928882521,48543.1122989251,26332.4799433084,118210.032590053,11152.6076453153,129757.757082669,197260.988425053,289983.556436881,31416.9929553985,30435.6896713761,55410.6332917146,4656.14691412449,15242.1194353785,41038.1689014405,9807.04958049258,328224.07314585,10124.8013722687,1052885.32184997,82090.7617813177,2598.50626028555,247.849344119149,148861.792959211,34551.5487120028,25469.2595229452,377815.692166299,25763.1171808087,11722.1010172436,43772.9371198573,11498.698681527,74145.8817614281,172894.980718616,16819.0413423375,6515.88929328321,925.362905922942,171757.578486867,79511.8887595802,7968.41790075358,33213.5802963204,2866.40639726892
50128.1054519554,3282.03668973158,28532.2490407154,23853.2312940715,156685.507799034,122933.362592258,146118.843402851,26016.4450354987,23662.0578551385,170214.881258627,149600.799835145,7297.45921389693,4646.24802021572,19416.2949345385,120239.969335275,151103.143672921,38433.8097416123,49691.5580989863,27259.3987346215,120609.356261705,11403.5924971004,134177.898401959,203525.859821989,294908.741650854,33710.1987412505,31616.4432891652,57159.9104727494,4691.25811002167,16349.8824920709,42146.9772914535,10171.3169557098,336829.149916474,10603.435481449,1070297.16104802,85107.2827099525,2708.41175396749,251.499797465357,155011.390675802,35161.666847487,26185.6524221148,392384.57694718,26780.1685274077,12222.1345201357,45070.3249268865,12114.693879958,75942.042999388,180197.876835602,17442.5963955183,6577.70303200614,938.021106420987,177866.186241577,81008.284734192,8150.19930469188,34235.9898866091,2959.29296784941
51683.3546981286,3298.19581181328,29620.3037693454,24526.0005643266,161896.264252132,126802.690812681,150478.738833607,27290.8872911008,24551.6503727505,174135.853973906,152926.809989918,7359.86639134787,4684.93596781398,19634.2212516748,127004.377880736,157307.460121952,40748.6738006291,50823.2399934102,28114.3548834969,122928.217182981,11666.4651529656,138574.95164816,209471.22547275,299560.318060643,36093.3865307831,32765.8399113572,58882.1297357535,4723.97378000557,17515.647801194,43230.8524759335,10539.8355143877,345025.827535013,11075.8529223231,1086964.38860407,88154.9897927239,2812.23104221134,254.817483849814,161073.540923005,35763.0590785641,26885.3457429791,406590.842345177,27783.8349944725,12710.242809643,46342.4862567713,12724.6358403512,77738.649988369,187471.793530472,18064.6585008381,6636.40332820611,950.074880078534,183953.818593359,82430.5630261693,8325.09475130856,35240.579011978,3051.77134909041
53251.5578061576,3313.22470332572,30710.3755291356,25187.0048836123,167083.590064896,130598.212561205,154747.276973579,28561.2830855909,25435.3755779224,178030.218964417,156188.181990753,7417.51902053946,4721.09359841162,19847.4442158371,133917.445892526,163504.139383298,43094.0963273351,51941.3324111682,28981.4120088401,125056.243939767,11913.3914967627,142949.479014057,215124.556262679,303959.238627138,38588.2056608333,33890.7486709733,60578.2859465241,4754.49120304874,18700.4581150925,44289.537777195,10912.9393907983,352822.80715584,11541.480421889,1102957.37222987,91214.6935468512,2911.83636132304,257.828596352424,167092.9955655,36347.1126250656,27567.9813913514,420518.600432108,28771.9497611717,13186.0978517829,47575.9730918393,13327.7086581271,79535.6344441659,194707.452342627,18685.4600620143,6692.1796918752,961.574772610933,190020.889959492,83810.1363736959,8493.64524129061,36250.2889589888,3143.81763251988
54735.44513128,3327.3121609795,31802.0392930271,25839.9547361345,172220.812783957,134315.891615035,158928.079562288,29824.2728303243,26305.8531435443,181794.299934964,159392.054324567,7470.82870610414,4754.94973822587,20050.7201397665,140962.396540637,169680.901335216,45466.2451559596,53068.2864100068,29865.5443455288,127023.602695724,12147.293972682,147302.200285005,220507.987790791,308176.506615321,41192.6454935,34995.8581984024,62224.4027967549,4782.858396371,19905.5290796539,45322.9399129702,11291.0460879813,360288.800996817,11999.8211454939,1117640.48874434,94285.7736875658,3008.37073572698,260.346910926675,173061.79724727,36914.5710788602,28233.3246378954,434155.872316835,29736.5239293394,13654.5325372236,48773.6620923839,13923.2460963856,81332.9407927354,201881.872495214,19305.1713974155,6746.28879414033,972.579105575552,196090.039319521,85148.3248249992,8656.38231821792,37265.3303713681,3235.41749927226
56175.0556641973,3340.60636628603,32884.1345299171,26489.5959754224,177307.303576089,137974.009013753,162768.636226758,31093.2950679786,27161.6604752651,185442.488657609,162426.779976239,7520.16285703624,4786.73325607974,20245.3537894542,148121.628174292,175826.518278303,47884.2563310008,54205.6088688605,30773.8271441425,128853.334853799,12370.3703811455,151657.361102706,225783.122423192,312224.784455264,43903.8985713634,36136.2494480123,63824.2132373971,4809.25914073982,21130.9026114965,46323.7115150114,11659.200201232,367430.704159718,12426.5468718616,1131121.93834294,97367.6940542651,3104.70347476137,262.468732581779,178973.071966875,37466.176097858,28881.984913919,447494.637872542,30676.1394565127,14115.3085294674,49938.2140388005,14510.65813104,83130.1271772158,208989.140315389,19927.4994707553,6798.84220191004,982.76456107313,202160.559083602,86446.5703001439,8812.64229104768,38285.9721564925,3324.35029562435
57587.3953645923,3353.18825283124,33958.2850425889,27136.8710391236,182342.898027631,141569.433113542,166333.993781766,32365.9311449615,28001.5007359509,188987.655830707,165321.347106498,7562.07060770359,4815.76202707586,20432.4736153018,155375.857727178,181847.149028797,50341.7782051395,55355.1809523404,31630.7921092021,130574.268522353,12602.0751992524,156016.04521663,230954.449082816,316116.372557515,46663.2641930615,37318.8607312673,65380.993338468,4833.8629203191,22387.1495953582,47292.4311597767,12019.670800909,374256.738556183,12828.7227262797,1143501.4168189,100401.497272372,3200.78619979404,264.267264353137,184809.631948458,38015.8482100437,29513.9114607875,460465.348663103,31589.6666260714,14568.3131903496,51093.5848427106,15089.4790680281,84927.1818051393,216024.499350157,20552.203354134,6849.95604027607,992.268501820956,208231.852566128,87684.9405335298,8962.96677255884,39286.4910679128,3410.9061160187
59011.5038261371,3365.16979697894,35025.7349704931,27782.5226861715,187342.518575918,145099.557699077,169665.57084786,33639.991713785,28830.6900904399,192456.022599355,168097.620433351,7599.10200305844,4842.34894336777,20618.6388267868,162706.474888283,187740.3460933,52832.3240943304,56492.1548509577,32440.9145376568,132197.622470132,12844.3286353515,160379.393479329,236028.289903887,319756.991561925,49472.6522398915,38554.1181380445,66928.8089746914,4856.75639682473,23671.1723304154,48229.7680065213,12374.0289433572,380588.505134323,13210.9676390617,1155129.17982849,103394.036656371,3296.56455320812,265.614511240051,190566.00322947,38566.2987962219,30129.1421980951,473066.398599669,32479.9496361279,15008.8720467549,52242.1958876141,15672.33497282,86724.0844755609,223068.586848252,21179.061068126,6898.24429108503,1001.17472449159,214293.452810993,88866.9506001223,9107.87453289188,40269.7211010522,3495.31669895339
60449.8931588195,3376.64208878752,36115.9749884388,28441.6733407035,192306.319339148,148516.124908344,172942.407391922,34854.8862086734,29647.912244424,195855.53679491,170840.083011329,7632.47463281356,4866.75326710752,20805.0225648315,170094.886655942,193503.270909903,55340.4504343477,57618.3443059858,33208.1459283006,133733.124480083,13099.6549360328,164690.919543521,240814.75126204,323181.785975829,52331.8923342154,39715.5651693964,68476.3627685994,4878.09443964217,24979.7111103003,49139.0452841079,12732.8763614871,386463.459511411,13597.6827155622,1166052.05961694,106350.770902657,3392.16788822451,266.670213181762,196237.71183502,39121.1556470047,30724.7677562319,485298.695165235,33346.0962378326,15437.2639069912,53386.8031891903,16262.9350522937,88514.3229449422,230126.864823458,21810.8082803274,6943.92444355001,1009.66232927818,220345.211722025,89995.8933574688,9241.60633924878,41237.9202675462,3579.24238618245
61906.0490334591,3388.13730811744,37232.6169980705,29118.6772257247,197234.761451921,151823.275131171,176189.628545396,36021.0037363741,30451.9814918572,199193.592296284,173555.688610035,7665.10374390566,4889.43061299471,20993.0217687943,177440.976218952,199155.906603093,57859.2948591046,58735.2105267367,33981.802311844,135209.472821553,13340.2394993193,168954.303528295,245343.954827615,326418.406624351,55296.5770089554,40827.7590500396,70037.7823354413,4898.01869879994,26321.105112964,50020.8637152207,13096.8787224409,391916.452654909,13989.386488591,1176315.22211337,109341.913042082,3487.51204901398,267.521784106162,201809.364865554,39629.7915839603,31301.377124908,497182.436615909,34187.4000422677,15853.8360017108,54492.0872340273,16868.51607037,90298.2268983726,237207.823456549,22447.5665801376,6987.18703088787,1017.77947749017,226387.036164559,91071.8467670059,9367.00383962649,42220.9074828315,3662.70592640434
63384.3116376203,3399.78789098873,38380.8025856305,29821.211962524,202120.25420298,155024.523035886,179447.440288322,37144.472784745,31222.4507440549,202495.139093804,176251.574939792,7697.6703078355,4910.51496173767,21158.215345233,184730.150119834,204691.045985834,60382.0989717634,59849.3196846333,34766.028469486,136630.643022924,13568.7865324667,173172.908728644,249640.147309993,329540.790145748,58364.5594400879,41904.2743681518,71496.1531680276,4916.83861439404,27692.8771025136,50875.895347385,13466.8910687821,397307.602228758,14386.8271959962,1185692.83219529,112371.170038195,3582.51211940947,268.272593009218,207278.984910037,40107.1150329671,31859.5477980642,508720.725543146,35001.3226721809,16263.1692434317,55563.4004468243,17455.0247351248,92076.0998226743,244165.944401808,23089.5187413358,7028.91100311318,1025.58980849806,232399.780303268,92098.4299923422,9485.85345286433,43221.6488462307,3745.73618993853
64891.7041724441,3411.78921257322,39512.3891813729,30502.6601700007,206963.915877957,158158.009969152,182510.040758299,38267.6816435215,31962.1439037503,205765.525487208,178901.590975819,7731.56929832226,4930.13065326194,21313.2166929728,191948.55105446,210102.487633771,62860.5083430557,60960.777459489,35566.2162624271,138000.45801686,13787.3270072615,177398.981303204,253826.803614282,332558.560691088,61533.7199370927,43015.9923330098,72892.1897878634,4934.6560049989,29092.5363381101,51701.6553290455,13831.6962637375,402653.850278932,14773.7756937015,1194268.71222837,115443.08582449,3678.71419516573,268.9346459756,212645.366873253,40560.9752943691,32403.7737065101,519918.430860419,35787.6208073299,16665.5499870245,56605.0726423529,18024.5897098649,93861.179580728,251005.708496752,23731.0763451058,7069.16372581602,1032.97993332571,238385.226011803,93078.9409101154,9600.79997381785,44244.0402062623,3825.9091306726
66439.2554905081,3423.09028331237,40630.1514566748,31171.7028000752,211767.036297348,161223.893981072,185392.305589728,39393.4537347658,32673.1485021055,209009.738557086,181510.682899066,7763.41848504359,4948.30371305423,21462.1995354619,199186.714157644,215403.842312754,65299.964797855,62069.6785676769,36245.9479417992,139311.16596242,14014.8465313721,181633.669119779,257910.415471848,335480.91971563,64754.7032643936,44176.2715100883,74242.954201514,4951.56512205582,30509.2678627385,52499.2309335347,14192.0126746903,407974.816039868,15150.5366629423,1202118.11066984,118451.766972206,3776.07969888778,269.518493167856,217904.328290135,41010.1344216398,32934.5373381283,530786.836668794,36546.2024070757,17061.3099271282,57636.7964336051,18578.8417991969,95653.995893984,257731.504868352,24372.1729131002,7108.01071351974,1039.97538518063,244344.995920446,94035.3775869181,9712.29072425914,45235.9943197309,3903.70338924013
67931.574160758,3433.86983239963,41736.2185978968,31833.0302781862,216499.059008907,164222.798026333,188107.483480363,40526.885022762,33374.3520096281,212228.122475638,184083.525654865,7793.3372746977,4965.15193788933,21613.487677227,206430.846552569,220590.455820643,67702.2457108469,63176.0433616815,36847.989972289,140567.834691957,14253.2364664627,185878.133503913,261898.21786862,338286.656750645,68019.7538412289,45409.1851515547,75583.6909208968,4967.37987612048,31939.4000423304,53269.7205941335,14548.4172553293,412970.55268068,15517.4145079578,1209445.33742535,121408.724792477,3874.57733697766,270.070577980779,223056.403093885,41455.5994072976,33452.3979242204,541333.369949796,37278.4283016801,17443.6265666703,58659.8339960157,19128.0439752192,97455.1255650635,264355.120575065,25012.7528709568,7144.89851096173,1046.60030803673,250316.553459458,94970.1491246478,9820.73421771211,46203.9426136338,3979.46451085927
69388.5579325398,3444.24845943664,42848.7846607939,32504.3531512907,221163.756931776,167126.985366796,190670.99331384,41631.1663208561,34066.2763555963,215424.968076508,186636.031064833,7821.43879812981,4980.78377246573,21769.9890262956,213667.886936385,225658.564310915,70095.7761582392,64279.9879248275,37394.6937745854,141775.118227326,14504.9957443562,190075.901444263,265676.848541636,340986.738994362,71320.838402172,46662.0316553786,76919.3565203294,4982.21428301943,33379.2428210403,54005.7643117109,14903.3205319643,417661.787491891,15876.4533731302,1216286.77663828,124322.572136857,3971.04670296117,270.595388425151,228102.532586857,41898.5016882768,33953.1911733459,551566.492084583,37984.3736396181,17813.4409491189,59675.4396219968,19672.4306822735,99250.3571000157,270879.766213001,25656.8786260681,7179.94516314706,1052.85019220111,256300.172936644,95885.8863902013,9925.8648999049,47152.4529239588,4056.96070863809
70820.992801944,3454.78091471853,43967.7118834744,33187.5113288731,225764.798272444,169938.285030075,193092.735486079,42705.2538085704,34749.7744054769,218604.226794277,189172.43804943,7848.05775352649,4995.37725345274,21938.9109853009,220704.21600803,230569.756635908,72475.9167332375,65381.6086716956,37948.7945701585,142950.182254303,14756.569389738,194230.516537726,269266.126492979,343591.263687718,74645.3177436721,47936.8629875932,78257.0535043356,4996.17030884917,34823.9171484493,54710.120522977,15256.7906904428,422068.26338665,16227.7208498028,1222676.66017951,127265.889826893,4065.62222549403,271.09754714832,233043.672838633,42338.7407200692,34437.5927143907,561462.134078474,38664.2267547212,18171.6423711339,60660.4599886462,20212.3216412901,101039.932846006,277308.839856987,26304.6462242478,7213.25905947077,1058.7526017568,262296.178393035,96757.0146776949,10028.1841656398,48103.5286704504,4137.64170187432
72255.2580843308,3465.56238753266,45092.8951266434,33885.1491003677,230333.357181367,172658.70050838,195381.897728361,43748.3226573012,35400.9644931774,221769.514432975,191696.792767235,7873.28323936163,5009.01607451401,22108.1085431839,227543.951815139,235325.096333865,74838.4360356883,66478.5044303345,38515.6065746155,144095.718546835,15008.0056766516,198345.165665445,272682.866433333,346107.693425587,77985.1703588062,49236.37300406,79565.9027227885,5009.56548935477,36269.8857895125,55385.2182077522,15608.8916988823,425143.47121245,16571.3105670287,1228569.16934733,130242.043468087,4158.40307422107,271.566879449736,237881.318960668,42777.4178641415,34906.2641857998,571034.324555672,39317.1202928834,18526.3779381035,61620.3493061002,20731.5598664908,102824.074381952,283662.570044639,26956.1823617025,7244.87244407395,1064.33278242162,268229.611196881,97587.5303367458,10128.1220376332,49057.3569050852,4224.75625314293
73691.4027528427,3476.72736423966,46203.6539834349,34583.7652307676,234871.097492085,175302.493136681,197549.455197437,44738.3575228592,36022.5208638928,224924.101773081,194167.217836503,7897.19985316798,5021.77760733524,22277.9293179463,234190.073422302,239925.967529846,77175.363461511,67571.0385794023,39102.6415176244,145214.298347709,15259.3471799389,202442.515525276,275984.564856583,348544.995373523,81332.4360720286,50367.2356941217,80849.1105450906,5022.46393781489,37713.785717821,56037.6756880084,15959.3906497196,427562.639521006,16914.8960217492,1234005.74605512,133255.107289335,4251.82871801353,272.006750758927,242617.286640119,43215.7878077485,35358.1293413571,580297.066088684,39943.5238517347,18878.1818284529,62559.2510561428,21234.1360768781,104599.496625582,289942.985852993,27604.6653668089,7274.89301909842,1069.65091029636,274109.630657631,98380.8944952402,10228.7394365631,50014.1328115906,4300.19040657178
75129.4635008119,3487.52497974009,47302.2525259523,35283.4750442178,239379.688580945,177870.895177992,199602.840398807,45680.67920345,36616.5410224278,228070.924169894,196591.980031951,7919.00513543245,5033.76607547428,22448.7017682243,240788.030508219,244393.948411817,79482.7647910556,68659.5506032008,39648.4172928879,146310.075169756,15497.1752881045,206523.378959289,279176.592203795,350911.43474594,84684.0321293568,51415.6493285542,82109.4516203663,5034.92632533625,39142.8496583148,56668.5971242256,16308.3768499804,429581.923436556,17258.8068336623,1239024.45351751,136245.0399965,4345.89048255089,272.420364200717,247237.431065151,43632.4534438549,35794.3217803981,589298.384455792,40543.981553994,19227.6152166403,63498.0558487934,21722.7047318151,106366.878558415,296152.3659185,28250.348206767,7303.41864736053,1074.72550278826,279943.490325422,99158.0141094868,10331.0363553782,50973.746113148,4370.8128324307
76585.3569545667,3498.03406103892,48390.4577735123,35984.3865609108,243825.65829916,180365.312358748,201549.082540316,46579.211921058,37193.2103706942,231222.434021158,198978.118427162,7938.94507243159,5045.05044857593,22619.423774296,247330.740944279,248728.76893202,81757.1665009724,69754.881397991,40159.7981091189,147385.400220936,15723.8856306073,210588.509141037,282264.278218235,353238.265907654,88031.9654760184,52413.2739934365,83354.5358309179,5045.92477779263,40554.7101351734,57279.0532877572,16655.9345220195,431720.518073876,17603.4524839163,1243635.50456325,139213.576230307,4440.59367594804,272.765344869674,251748.169810975,44032.2945083748,36215.8192871295,598049.497742083,41119.2248322313,19564.1476842956,64438.485772177,22200.3429424383,108126.811745576,302316.670253981,28893.4491879265,7330.68170964608,1079.57427501142,285803.901986346,99921.1492946859,10436.6405612467,51936.383459695,4438.64805832199
78064.2699148385,3508.31404336192,49480.6020655988,36688.6856991748,248213.18455326,182777.870808058,203395.23366993,47444.9242802308,37752.5899409646,234381.246916175,201293.823951215,7957.22467321505,5055.69577158155,22790.3466660955,253812.286659677,252930.729324411,83966.3140088144,70858.0991796518,40642.0295328014,148442.530702669,15941.2918249347,214652.350249216,285265.80039053,355531.970571077,91368.4968494205,53420.7923165733,84585.6961417783,5056.02208441473,41947.2241730604,57872.3704758295,17001.748992843,434083.234904657,17933.3576085281,1247876.63149208,142162.262889079,4534.95479305746,273.055288650006,256155.098320437,44418.5446305283,36626.3226156614,606561.805765022,41669.8985668208,19889.1902229919,65382.4072894615,22668.067313145,109893.666745928,308438.491188975,29541.8688117671,7356.73867126479,1084.1550076473,291693.394541471,100672.794615716,10539.5575774879,52902.2392170321,4506.93578759549
79574.0224313165,3518.52443104019,50572.5301756054,37396.3899333904,252546.161986175,185110.87928353,205147.46630935,48278.1804107818,38294.7993328818,237549.71552061,203557.516070403,7974.68619255212,5065.43068866384,22961.6962244718,260100.753592851,256982.951097261,86111.3535574935,71970.5350498734,41102.5466507856,149454.795295759,16167.7525717363,218715.258730147,288186.38854947,357798.912564611,94660.3855457414,54441.4963379101,85804.2144549303,5065.47585052836,43330.1123226558,58449.3359287921,17345.9423704036,436897.499544707,18250.0907833776,1251781.7987277,145092.130838786,4628.889413114,273.300499842691,260487.682198984,44803.1315078865,37026.3700514678,614800.280790636,42196.6855241166,20203.9704227378,66299.7451021958,23126.7470802461,111667.936160577,314520.598421478,30196.2668623072,7381.64346654217,1088.49264098776,297614.881703266,101381.460169272,10640.3521568912,53867.2636052107,4576.05618601883
81063.4076741488,3528.67870855514,51666.099127189,38107.516929029,256838.012263889,187366.660753002,206811.601488938,49079.4454336318,38815.8512153939,240587.982419737,205781.914913416,7991.40145977478,5074.4005276538,23134.3459662032,266196.564539774,260888.657951856,88192.9673825804,73087.6047699069,41543.7221309463,150428.782349331,16405.0340261569,222777.556535477,291031.222723088,360006.438623326,97904.8695957413,55480.2867998158,87007.317964041,5074.83041760372,44701.3500084286,59010.723487252,17688.6238647158,439478.56730778,18554.9565280406,1255459.28668634,148004.487542876,4722.31702017699,273.552147204455,264749.329111449,45186.8162947878,37416.5143853298,622781.401324976,42700.517914244,20512.8189640374,67197.0675203181,23583.6786623641,113450.19125814,320562.668117905,30857.4784130613,7405.19513836302,1092.608443557,303480.127093989,102053.817566166,10739.4700730117,54831.5044129112,4646.62026588816
82535.9419819309,3538.78838766586,52764.0363636357,38816.6010361667,261091.196097415,189549.921591018,208388.364219294,49852.0523519914,39316.2950720065,243544.573898374,208019.462254739,8007.44262915389,5082.70880433422,23308.4780708761,272100.888669091,264651.231699958,90226.1003069806,74209.7094482514,41967.6066562962,151369.911042502,16655.4583182882,226823.072266857,293749.237523841,362163.409544629,101098.875987396,56509.8773902177,88196.742569557,5084.20157442422,46059.1445598246,59554.2342128332,18029.4858566058,441852.449845694,18851.8398681143,1258926.92683937,150900.512859839,4812.80534323891,273.822318957005,268943.829819136,45570.438882055,37795.6179626332,630520.654029061,43182.1027485139,20816.2048095821,68078.8422557798,24040.0466552227,115229.555941674,326567.558482912,31520.2082751379,7427.50049983298,1096.56707521649,309297.210654051,102694.799776298,10839.4539674923,55795.0096621141,4716.51050711419
83994.3039936896,3548.8813039069,53866.348650106,39524.2696529327,265308.056619834,191662.706388774,209883.956261146,50596.299097611,39796.6996837154,246446.129390397,210273.53816107,8022.14233733032,5090.45102088499,23484.2534390143,277850.078075747,268281.223872255,92208.9972312361,75337.2894164239,42380.4778347503,152312.650942454,16905.7541534982,230852.497392989,296352.448624357,364277.606662748,104278.354118544,57529.721491502,89374.0671968048,5093.77477390044,47390.6183170632,60080.9332420715,18368.6718204123,444041.578239998,19141.1408892393,1262201.37832818,153799.373392631,4900.58375124125,274.135837740244,273044.865788878,45941.7011354081,38164.1590828933,638063.037169922,43642.1680886336,21114.5748413974,68958.0400060169,24497.4129991824,117006.107360096,332538.203987117,32184.4468485421,7448.65172375572,1100.38588058943,315072.555680476,103320.313980932,10940.6010776419,56764.6997590885,4785.76230816525
85457.2325754495,3558.96412439242,54973.0595900043,40231.0452571803,269528.782214474,193707.116428949,211304.059005665,51312.5717679936,40258.5720808016,249375.916436029,212547.638298561,8035.63872195273,5097.68375622518,23659.3839398101,283442.037072927,271781.163920962,94140.253741863,76457.8791439617,42783.1700746624,153260.609592517,17155.9326669481,234866.475127798,298851.284042188,366378.976967206,107438.386331319,58539.3116899095,90551.2378891136,5103.07114525847,48694.6719777747,60591.8285411045,18706.3064973294,446145.827499188,19423.243416289,1265167.03070465,156701.064400058,4985.83265574501,274.363671358295,277057.753230176,46302.8883777955,38522.6078633333,645419.476688788,43972.7761365769,21414.3847607533,69835.2410991775,24948.8104463034,118779.90831346,338466.07138555,32850.1913062643,7469.27371308028,1104.08416706258,320851.904197758,103931.428054546,11043.2404573825,57741.0883684651,4854.41037658116
86925.0023281265,3569.04220578053,56069.1651538885,40940.0334066033,273755.058042476,195688.35083082,212668.857853452,51995.1247895287,40702.3780347035,252338.561752695,214826.656075203,8048.05090396941,5104.45598634837,23834.157681874,288875.444665371,275153.848166125,96013.0054634775,77572.1339845755,43176.4751703322,154217.870001466,17406.0028396366,238863.432407002,301329.246711937,368472.207636921,110574.558890767,59532.1012730395,91730.4779727281,5112.12865581998,49970.4157731556,61085.9586943493,19044.4130749724,448170.422753253,19699.7240762024,1267865.41696366,159605.579289871,5070.93621788997,274.537793074696,280987.392305192,46655.6868199941,38873.0639572131,652600.714336454,44238.8068571301,21716.4263487493,70710.9817813222,25394.6229424064,120560.668484845,344353.922555962,33506.0506591774,7489.46507940846,1107.63169878337,326635.3294004,104529.183309506,11145.4519279184,58724.7397447032,4922.45130130122
88397.9057441311,3579.23287025029,57155.9838655202,41651.2777115176,277988.553675872,197608.367041082,213981.627943946,52645.6467790267,41128.6061853874,255339.542002097,217111.842246093,8059.64382852775,5110.8892391114,24008.8123847491,294139.083118949,278400.917609016,97826.7840265512,78680.6323066801,43578.296475591,155125.433297825,17655.9497126922,242844.048045066,303801.119303732,370561.864012383,113637.319982413,60508.0453580032,92914.3911921479,5120.98264191191,51229.3792078775,61564.5629405537,19382.9950469433,450120.440522735,19970.8008799419,1270330.38055653,162455.67375566,5155.90879496649,274.675237942848,284851.754258783,47007.6059722809,39216.1070710828,659581.387514373,44464.9505202917,22021.577294039,71589.5680738991,25835.2271775271,122348.875221559,350204.51957588,34154.018252232,7509.35320202361,1111.0385622527,332422.91526673,105108.874416706,11247.3656236929,59701.4739029963,4989.92063334833
89863.3338164341,3589.54632072294,58234.5985926647,42364.8204657703,282181.562634204,199469.142012057,215245.512500056,53265.6858625119,41536.9177695351,258366.42890666,219404.278741344,8070.47122304574,5117.02080293438,24182.3710635939,299234.058358612,281525.718641835,99581.4098667866,79775.5532528035,43992.5724320309,155996.135542897,17905.7794184838,246808.952368923,306286.737258241,372612.09203645,116625.214947779,61467.1186303787,94088.1472751781,5129.66514809851,52471.0878661364,62028.7729911719,19722.0562347572,451890.927066404,20236.6919636302,1272659.01462772,165262.545306996,5240.77910903826,274.797178012452,288653.841271733,47359.1246576679,39552.3454959668,666375.654729886,44706.9947281947,22320.2390986552,72471.8003847881,26272.9765024773,124145.079859965,355944.094777276,34795.5393441725,7527.91395096738,1114.3141872672,338220.098449832,105671.698826391,11349.0935117933,60671.7219930828,5056.85286997847
91321.8737315529,3599.99301002278,59318.453681374,43075.7002572788,286336.856976443,201252.139202134,216459.142348503,53862.6482359553,41927.9549065175,261421.565392018,221688.496352157,8080.58330425067,5122.88917331674,24355.2349135483,304162.026421755,284531.721159397,101275.681744922,80859.6428003274,44424.8216455217,156838.648154267,18155.4971380814,250778.501703,308625.800974065,374632.972042392,119536.876760045,62395.871920931,95253.2159171848,5138.20732917324,53695.2895464189,62479.09938923,20063.1432511416,453507.580233478,20499.9197659534,1274862.19188136,168034.237426932,5323.03789470069,274.905330142552,292396.674126408,47710.7425201735,39879.0085123421,672996.625739427,44980.6916356884,22613.0872120333,73358.4922083274,26708.2225842942,125941.497022617,361587.932870081,35440.8572798442,7545.32451923015,1117.43437414664,344027.302226525,106218.792547702,11451.9250219299,61635.8768054537,5124.18538669394
92774.0608134589,3610.40398143377,60407.797139904,43784.8716229178,290456.997255889,202963.927693362,217625.395978589,54437.1333328657,42302.3542061337,264507.501900324,223966.347031528,8090.1163048007,5128.4841448555,24527.7123031527,308923.091867801,287428.247727279,102910.107220797,81934.8796086787,44867.3584336331,157707.235459936,18357.0853172,254752.890636828,310847.051643101,376632.558569509,122394.303012907,63297.4286160599,96410.9063004758,5146.63860167883,54893.7438805718,62916.6024401434,20406.4719766167,454991.29843894,20760.6445079522,1276950.02687809,170851.196113005,5402.81372867708,275.001225364574,296076.695174413,48067.2249416158,40196.6899111149,679485.092340817,45327.289066369,22900.7301934603,74233.3237207397,27141.313789901,127738.123913223,367148.381171014,36090.3780264395,7561.71703581485,1120.41489008017,349844.997880273,106752.877561918,11555.9813881385,62610.4851724283,5192.06371011781
94222.8446202386,3620.78319434223,61502.9150878982,44493.0764898783,294570.33246061,204609.900147164,218747.020263902,54989.7738374426,42664.2374971183,267609.716883488,226239.387338053,8099.10544169321,5133.83218376583,24703.5203194205,313520.094004676,290218.528389943,104485.388673116,83019.7870628486,45323.3849970961,158616.288178612,18535.5887807512,258732.303486786,312970.504684434,378647.666655459,125194.299263234,64174.172091632,97566.8529444267,5154.97330275618,56066.0457788743,63342.2495631873,20752.2994366099,456421.031931855,21019.0313529567,1278867.42799523,173727.2313339,5480.21676633417,275.084389372603,299697.000271954,48430.9887377327,40505.9427329382,685850.7210659,45608.3494962296,23196.8198779803,75099.065724739,27565.4895645342,129534.950971195,372694.721085311,36744.5878934619,7577.29579613747,1123.26889995386,355640.569611097,107274.813271937,11661.3819603634,63596.8179507335,5260.66614780281
95668.3646315073,3631.1336489171,62598.2892491898,45207.7979739436,298677.751203954,206211.657369673,219830.699399952,55517.5292569867,43014.1022679463,270728.558068372,228593.946391132,8107.58386211993,5138.95876657089,24882.8745120552,317956.244030612,292905.854907268,106005.309636802,84116.8973690804,45796.9923613938,159591.505187263,18700.5416464285,262675.812931001,315081.57342713,380683.381947516,127934.194283843,65050.3099765091,98721.7170451835,5163.23954154303,57211.9379220659,63757.7012412326,21095.6042811054,457800.532655263,21271.5722454511,1280634.13458187,176683.663454666,5557.67635770926,275.156585307714,303260.651993369,48805.6716632695,40807.2923989883,692102.984460116,45845.7048052895,23504.0876791555,75957.7632184193,27982.3182864113,131326.079980098,378229.838398406,37397.1597136188,7592.11074504487,1125.99095831761,361415.511306511,107785.420153634,11765.4034924004,64596.3765524854,5326.29884414521
97110.7348714927,3641.28705539632,63693.8729793911,45929.4742346143,302780.071712725,207771.406930172,220879.000902392,56021.3328579144,43352.4587370823,273864.313079721,231078.058161137,8115.43281174036,5143.79566169471,25066.0167641121,322301.060853506,295493.796115024,107470.564850318,85229.8494291167,46244.8978173985,160506.515986164,18878.9623313023,266586.167206638,317189.618840684,382745.149381657,130593.728432728,65927.447798161,99876.1107803482,5171.46403216331,58319.0046615808,64163.6473467416,21436.6442224776,459133.341740391,21518.6312437388,1282266.8960771,179592.153495177,5635.35484782498,275.219317493216,306775.055870706,49161.7005427862,41101.2221455169,698234.51265285,46051.4843587382,23826.3835441183,76825.950100413,28392.9825225333,133111.777517872,383756.580394034,38048.152601131,7606.20730177903,1128.59871996569,367171.164728053,108291.742391892,11868.3989682788,65579.8945771687,5389.95608495737
98564.3218214217,3651.28747744056,64789.623570322,46658.6274315545,306846.720286752,209291.398187489,221894.425585466,56502.1111778082,43681.2627688113,277010.809839707,233807.05565096,8122.70284666422,5148.37186441762,25250.5428510739,326558.864559374,297985.703561685,108881.99349905,86350.8642443027,46671.6386580942,161381.650920424,19080.2354982815,270465.810237416,319306.220395747,384810.078967687,133172.636251313,66807.7465128868,101023.110535721,5179.70571537512,59388.9281350403,64560.7385475528,21775.6399541867,460348.262287515,21760.5507454987,1283804.06994753,182460.624492905,5713.46972304885,275.27386212538,310243.073718688,49505.5151799745,41388.1866313204,704253.69064122,46266.8119530054,24132.331314751,77705.9938184453,28800.5082319865,134892.302934979,389280.035656315,38697.6221224832,7619.93332610214,1131.10515764769,372928.959728829,108795.199560721,11970.6287233268,66549.4393178256,5452.19040842349
100031.006112619,3661.16609451705,65886.2970328834,47392.4633353684,310880.191789795,210759.404595239,222865.281261036,56961.8388146253,44001.3386863098,280167.83804844,236475.953362966,8129.4399492737,5152.71262767575,25436.3995446454,330734.729891818,300384.933102584,110244.836807679,87481.0837549916,47080.7251114347,162229.096144357,19328.7988957602,274290.33317111,321336.977031128,386881.385579401,135670.960793536,67646.8744886823,102164.327897005,5187.98753829805,60423.255649731,64957.4482251383,22115.5010034572,461463.469091639,21994.4043204977,1285252.98852368,185295.182715376,5789.52123713945,275.321325101779,313667.521060359,49840.7244160111,41669.725343562,710168.603777336,46498.140541169,24425.6188900749,78601.1589715225,29205.1927637367,136687.724859008,394803.197325876,39345.1726774366,7633.35360713343,1133.5436681503,378688.936025445,109297.383466984,12074.3004923905,67506.7029619918,5515.2157429353
101513.223583029,3671.22775009361,66983.8611597806,48131.0554335899,314882.758976877,212178.098626064,223794.959932178,57401.2815390144,44313.6334304379,283335.141918718,239096.437168539,8135.88470506932,5156.87870578147,25623.5219771747,334706.840242428,302685.153314471,111560.236280658,88621.934072086,47442.1051946998,163092.390635161,19577.9130560694,278066.861863623,323295.063471117,388962.077101565,138098.878776772,68452.787256216,103301.081493761,5196.33214625949,61438.390118433,65355.4706327996,22456.2682508897,462493.408162018,22221.1688372732,1286620.41555052,188146.00915733,5863.53713907117,275.362655319234,317049.102197135,50183.1977148319,41946.1803350264,715980.983350571,46756.9860260395,24708.8632590697,79495.3113938208,29607.3166768266,138500.250649598,400329.057667532,39990.8947973835,7646.55207158514,1135.92177629914,384451.113245774,109781.284086015,12179.5311379358,68473.5474437844,5579.39099093837
102976.019828399,3681.50832096825,68082.2862163018,48874.4804931168,318924.623928092,213549.994754838,224686.567548575,57821.2026957602,44608.6195037831,286492.067238465,241677.284160929,8142.06704155255,5160.88507504236,25814.9847862194,338489.996251723,304890.734356935,112829.457108257,89727.7456526813,47775.5326626257,163974.772710559,19827.5832219516,281801.217367358,325190.83324277,391054.238993038,140455.883283047,69230.6430433192,104438.877097706,5204.92693150163,62435.112967811,65757.0046555651,22797.9831492831,463506.474655715,22441.6528581943,1287908.2222999,191014.523257085,5935.54667949624,275.400032997398,320390.494338764,50536.7080411567,42217.8839953146,721698.889722121,47002.5210617075,24994.7756589085,80388.6838539614,30007.6321657405,140332.604834397,405766.063986154,40634.8722314972,7658.77985315576,1138.24762917528,390179.803718884,110249.661234522,12286.4548600936,69451.0434589277,5645.28916349612
104423.029752782,3692.05881811299,69180.0083065709,49624.2610514439,323009.729245469,214886.056341653,225539.601469126,58227.2971944607,44887.7383371587,289639.028792806,244254.225033989,8148.01772032015,5164.74568584607,26011.2479081632,342097.1606753,307005.881925668,114041.855682614,90811.5993814448,48090.6188185194,164880.083930328,20077.8139515329,285578.307268459,327079.913787689,393160.549064859,142741.75919342,70008.0543920272,105578.077332373,5213.83737424149,63414.3682681883,66148.5436134971,23136.8709424782,464505.174932221,22668.9018773939,1289122.71429861,193902.333298068,6004.83099151384,275.433846861758,323694.307889604,50908.169599568,42484.0696728884,727330.065422598,47235.4393688742,25283.7148015657,81281.472437304,30406.3546510304,142126.970115086,411129.617836088,41277.3666484698,7670.2087254837,1140.4876554754,395878.601663969,110704.686209478,12393.5728636658,70440.4443912355,5709.72230018907
